direction_x,direction_y,target_x,target_y,lower,upper,gap,pointwise_tolerance_met,report,coefficients
1.0,0.0,2.2348893985478413,-0.018873680775901167,2.2348893985478404,2.236231782346892,0.0013423837990513834,False,/home/shiqiu/s-matrix-bootstrap/results/runs/stage_B_pv_pure_M50_barrier_20260907/report.json,/home/shiqiu/s-matrix-bootstrap/results/runs/stage_B_pv_pure_M50_barrier_20260907/coefficients.json
-1.0,0.0,-0.5303702845458692,-0.06994807134376296,0.530370284545869,12478.643305110298,12478.112934825753,False,/home/shiqiu/s-matrix-bootstrap/results/runs/stage_B2_PV_B377500_region_20260907/support_001_minus_x/report.json,/home/shiqiu/s-matrix-bootstrap/results/runs/stage_B2_PV_B377500_region_20260907/support_001_minus_x/coefficients.json
0.0,1.0,-1.0490616604265806,0.0772546023077756,0.07725460230777557,0.09423059470046934,0.016975992392693765,False,/home/shiqiu/s-matrix-bootstrap/results/runs/stage_B2_PV_B377500_region_20260907/support_002_plus_y/report.json,/home/shiqiu/s-matrix-bootstrap/results/runs/stage_B2_PV_B377500_region_20260907/support_002_plus_y/coefficients.json
0.0,-1.0,-0.12381826752021925,-0.7341874510146442,0.734187451014644,0.7346134547155557,0.00042600370091172573,True,/home/shiqiu/s-matrix-bootstrap/results/runs/stage_B2_PV_B377500_region_20260907/support_003_minus_y/report.json,/home/shiqiu/s-matrix-bootstrap/results/runs/stage_B2_PV_B377500_region_20260907/support_003_minus_y/coefficients.json
-1.0,0.0,-2.9025173125294828,-0.4481796607393603,2.902517312529482,2.918466830202308,0.015949517672825934,False,/home/shiqiu/s-matrix-bootstrap/results/runs/stage_B2_PV_B377500_region_20260907/support_004_minus_x_cold/report.json,/home/shiqiu/s-matrix-bootstrap/results/runs/stage_B2_PV_B377500_region_20260907/support_004_minus_x_cold/coefficients.json
0.0,1.0,-1.0851087243125586,0.07946458317167251,0.07946458317167249,0.0798697416568516,0.00040515848517910796,True,/home/shiqiu/s-matrix-bootstrap/results/runs/stage_B2_PV_B377500_region_20260907/support_005_plus_y_refine/report.json,/home/shiqiu/s-matrix-bootstrap/results/runs/stage_B2_PV_B377500_region_20260907/support_005_plus_y_refine/coefficients.json
0.29021320288767954,-0.9569620143295524,1.6999673144488805,-0.5676081759121536,1.0365324225013937,1.0369456633693033,0.0004132408679096145,True,/home/shiqiu/s-matrix-bootstrap/results/runs/stage_B2_PV_B377500_region_20260907/support_006_adaptive/report.json,/home/shiqiu/s-matrix-bootstrap/results/runs/stage_B2_PV_B377500_region_20260907/support_006_adaptive/coefficients.json
-0.2788148209138379,0.9603448836948029,-2.526567495128275,0.03284801959700548,0.7359898912404046,0.7515359978219088,0.01554610658150424,False,/home/shiqiu/s-matrix-bootstrap/results/runs/stage_B2_PV_B377500_region_20260907/support_007_adaptive/report.json,/home/shiqiu/s-matrix-bootstrap/results/runs/stage_B2_PV_B377500_region_20260907/support_007_adaptive/coefficients.json
-0.1023877327794028,-0.9947445662964406,-2.292294731382802,-0.668112617315334,0.8993042561569767,0.8997685798413849,0.00046432368440818555,True,/home/shiqiu/s-matrix-bootstrap/results/runs/stage_B2_PV_B377500_region_20260907/support_008_adaptive/report.json,/home/shiqiu/s-matrix-bootstrap/results/runs/stage_B2_PV_B377500_region_20260907/support_008_adaptive/coefficients.json
0.7160614807703349,-0.6980372165987967,2.090570877883346,-0.3569036667347004,1.7461093205938822,1.7465411140858653,0.0004317934919830791,True,/home/shiqiu/s-matrix-bootstrap/results/runs/stage_B2_PV_B377500_region_20260907/support_009_adaptive/report.json,/home/shiqiu/s-matrix-bootstrap/results/runs/stage_B2_PV_B377500_region_20260907/support_009_adaptive/coefficients.json
-0.787907592340341,0.6157934929279839,-2.8134007449744085,-0.18830787642724175,2.1007410422903248,2.101229872306408,0.0004888300160832416,True,/home/shiqiu/s-matrix-bootstrap/results/runs/stage_B2_PV_B377500_region_20260907/support_010_adaptive/report.json,/home/shiqiu/s-matrix-bootstrap/results/runs/stage_B2_PV_B377500_region_20260907/support_010_adaptive/coefficients.json
-0.3390645029413561,-0.9407631279153809,-2.746955042459354,-0.5843488262150563,1.4811287756174898,1.4816105183770623,0.00048174275957246776,True,/home/shiqiu/s-matrix-bootstrap/results/runs/stage_B2_PV_B377500_region_20260907/support_011_adaptive/report.json,/home/shiqiu/s-matrix-bootstrap/results/runs/stage_B2_PV_B377500_region_20260907/support_011_adaptive/coefficients.json
0.09095847307227618,-0.9958546862752417,1.0690553749490577,-0.6920642298337345,0.7864350510184661,0.7868327140601684,0.0003976630417023009,True,/home/shiqiu/s-matrix-bootstrap/results/runs/stage_B2_PV_B377500_region_20260907/support_012_adaptive/report.json,/home/shiqiu/s-matrix-bootstrap/results/runs/stage_B2_PV_B377500_region_20260907/support_012_adaptive/coefficients.json
0.02960699087244769,0.9995616169558926,2.0542126576701873,0.040821183547964796,0.10162234363896469,0.1040108750263434,0.002388531387378712,True,/home/shiqiu/s-matrix-bootstrap/results/runs/stage_B2_PV_B377500_region_20260907/support_013_adaptive/report.json,/home/shiqiu/s-matrix-bootstrap/results/runs/stage_B2_PV_B377500_region_20260907/support_013_adaptive/coefficients.json
0.9196874073130734,-0.39265133748627035,2.197266562882546,-0.1986588737008838,2.098802060855324,2.0992309452390265,0.000428884383702588,True,/home/shiqiu/s-matrix-bootstrap/results/runs/stage_B2_PV_B377500_region_20260907/support_014_adaptive/report.json,/home/shiqiu/s-matrix-bootstrap/results/runs/stage_B2_PV_B377500_region_20260907/support_014_adaptive/coefficients.json
-0.658647542299935,-0.752451603109632,-2.8716673547741545,-0.5186436057776909,2.281670858134935,2.2821621130115965,0.0004912548766613513,True,/home/shiqiu/s-matrix-bootstrap/results/runs/stage_B2_PV_B377500_region_20260907/support_015_adaptive/report.json,/home/shiqiu/s-matrix-bootstrap/results/runs/stage_B2_PV_B377500_region_20260907/support_015_adaptive/coefficients.json
-0.6106035708543127,0.7919364111214752,-2.671161610890001,-0.04676006061927602,1.59398982334774,1.5944761184848621,0.00048629513712206146,True,/home/shiqiu/s-matrix-bootstrap/results/runs/stage_B2_PV_B377500_region_20260907/support_016_adaptive/report.json,/home/shiqiu/s-matrix-bootstrap/results/runs/stage_B2_PV_B377500_region_20260907/support_016_adaptive/coefficients.json
-0.9459262116817017,0.32438187688818976,-2.878166373020223,-0.3081174638872706,2.6225852925829,2.623076796770216,0.0004915041873161386,True,/home/shiqiu/s-matrix-bootstrap/results/runs/stage_B2_PV_B377500_region_20260907/support_017_adaptive/report.json,/home/shiqiu/s-matrix-bootstrap/results/runs/stage_B2_PV_B377500_region_20260907/support_017_adaptive/coefficients.json
0.47476260709051654,-0.8801138942822206,1.9266758811169913,-0.4785568320907634,1.335898181464285,1.3363201197996812,0.00042193833539627695,True,/home/shiqiu/s-matrix-bootstrap/results/runs/stage_B2_PV_B377500_region_20260907/support_018_adaptive/report.json,/home/shiqiu/s-matrix-bootstrap/results/runs/stage_B2_PV_B377500_region_20260907/support_018_adaptive/coefficients.json
0.3137164781093967,0.9495167040987939,2.2300738622368224,0.031507193497752196,0.7295275245101441,0.7298994481044194,0.0003719235942752919,True,/home/shiqiu/s-matrix-bootstrap/results/runs/stage_B2_PV_B377500_region_20260907/support_019_adaptive/report.json,/home/shiqiu/s-matrix-bootstrap/results/runs/stage_B2_PV_B377500_region_20260907/support_019_adaptive/coefficients.json
-0.03045648973178859,-0.9995360935119939,-1.331130561634675,-0.7125832356156913,0.7527942279115409,0.7532319714315986,0.0004377435200576541,True,/home/shiqiu/s-matrix-bootstrap/results/runs/stage_B2_PV_B377500_region_20260907/support_020_adaptive/report.json,/home/shiqiu/s-matrix-bootstrap/results/runs/stage_B2_PV_B377500_region_20260907/support_020_adaptive/coefficients.json
-0.03232295385934025,0.9994774768116623,-1.9737491854210967,0.06772450807620663,0.13148652430059452,0.131925931266792,0.0004394069661974865,True,/home/shiqiu/s-matrix-bootstrap/results/runs/stage_B2_PV_B377500_region_20260907/support_021_adaptive/report.json,/home/shiqiu/s-matrix-bootstrap/results/runs/stage_B2_PV_B377500_region_20260907/support_021_adaptive/coefficients.json
0.19353418736093222,-0.9810935318931339,1.337900156552378,-0.656794776580073,0.9033065266523339,0.903714197933571,0.00040767128123708757,True,/home/shiqiu/s-matrix-bootstrap/results/runs/stage_B2_PV_B377500_region_20260907/support_022_adaptive/report.json,/home/shiqiu/s-matrix-bootstrap/results/runs/stage_B2_PV_B377500_region_20260907/support_022_adaptive/coefficients.json
-0.916052365015343,-0.40105867968390446,-2.9005080102925476,-0.4814756061240391,2.850117193466549,2.8506119183494483,0.0004947248828992558,True,/home/shiqiu/s-matrix-bootstrap/results/runs/stage_B2_PV_B377500_region_20260907/support_023_adaptive/report.json,/home/shiqiu/s-matrix-bootstrap/results/runs/stage_B2_PV_B377500_region_20260907/support_023_adaptive/coefficients.json
0.03529039550147962,-0.9993770999904636,0.5374756025120375,-0.7231929736115997,0.7417102232864861,0.7421161438692813,0.0004059205827952051,True,/home/shiqiu/s-matrix-bootstrap/results/runs/stage_B2_PV_B377500_region_20260907/support_024_adaptive/report.json,/home/shiqiu/s-matrix-bootstrap/results/runs/stage_B2_PV_B377500_region_20260907/support_024_adaptive/coefficients.json
-0.18118455475563613,-0.9834491126225097,-2.5709572734196726,-0.6296481512845385,1.0850446645254903,1.0855191990939912,0.000474534568500884,True,/home/shiqiu/s-matrix-bootstrap/results/runs/stage_B2_PV_B377500_region_20260907/support_025_adaptive/report.json,/home/shiqiu/s-matrix-bootstrap/results/runs/stage_B2_PV_B377500_region_20260907/support_025_adaptive/coefficients.json
0.012308543015896463,0.9999242470151556,0.5269932768169705,0.06527037580762186,0.0717519507986224,0.07212698901389282,0.00037503821527042075,True,/home/shiqiu/s-matrix-bootstrap/results/runs/stage_B2_PV_B377500_region_20260907/support_026_adaptive/report.json,/home/shiqiu/s-matrix-bootstrap/results/runs/stage_B2_PV_B377500_region_20260907/support_026_adaptive/coefficients.json
-0.4822969371187889,0.8760077993065102,-2.569748961479437,0.019848072118271616,1.2567691192625248,1.257254006231077,0.00048488696855231167,True,/home/shiqiu/s-matrix-bootstrap/results/runs/stage_B2_PV_B377500_region_20260907/support_027_adaptive/report.json,/home/shiqiu/s-matrix-bootstrap/results/runs/stage_B2_PV_B377500_region_20260907/support_027_adaptive/coefficients.json
-0.9852209006051146,0.17128857816809248,-2.901221381197411,-0.4007216098275023,2.789704907249545,2.790197532908922,0.0004926256593771329,True,/home/shiqiu/s-matrix-bootstrap/results/runs/stage_B2_PV_B377500_region_20260907/support_028_adaptive/report.json,/home/shiqiu/s-matrix-bootstrap/results/runs/stage_B2_PV_B377500_region_20260907/support_028_adaptive/coefficients.json
0.9787978551446818,-0.20482860826596125,2.2250894665441736,-0.11072358534784126,2.200592155247476,2.202042121930317,0.0014499666828409199,True,/home/shiqiu/s-matrix-bootstrap/results/runs/stage_B2_PV_B377500_region_20260907/support_029_adaptive/report.json,/home/shiqiu/s-matrix-bootstrap/results/runs/stage_B2_PV_B377500_region_20260907/support_029_adaptive/coefficients.json
0.8291390334220085,-0.5590424521053993,2.1519934955005486,-0.2817009681654948,1.941784606793477,1.9422150493156636,0.00043044252218660267,True,/home/shiqiu/s-matrix-bootstrap/results/runs/stage_B2_PV_B377500_region_20260907/support_030_adaptive/report.json,/home/shiqiu/s-matrix-bootstrap/results/runs/stage_B2_PV_B377500_region_20260907/support_030_adaptive/coefficients.json
-0.0629633413867315,0.9980158403760021,-2.3406271161638608,0.05101571264473559,0.1982881935015824,0.19874291357574428,0.0004547200741618907,True,/home/shiqiu/s-matrix-bootstrap/results/runs/stage_B2_PV_B377500_region_20260907/support_031_adaptive/report.json,/home/shiqiu/s-matrix-bootstrap/results/runs/stage_B2_PV_B377500_region_20260907/support_031_adaptive/coefficients.json
0.5960164441277152,-0.802972227620205,2.015021626728321,-0.4226632763698717,1.5403728973630277,1.5407992196818039,0.0004263223187761512,True,/home/shiqiu/s-matrix-bootstrap/results/runs/stage_B2_PV_B377500_region_20260907/support_032_adaptive/report.json,/home/shiqiu/s-matrix-bootstrap/results/runs/stage_B2_PV_B377500_region_20260907/support_032_adaptive/coefficients.json
-0.7053821430317686,0.7088272231594309,-2.7462658351973563,-0.11254165988117285,1.8573942879031158,1.8578813232071965,0.00048703530408067413,True,/home/shiqiu/s-matrix-bootstrap/results/runs/stage_B2_PV_B377500_region_20260907/support_033_adaptive/report.json,/home/shiqiu/s-matrix-bootstrap/results/runs/stage_B2_PV_B377500_region_20260907/support_033_adaptive/coefficients.json
-0.46611948942971304,-0.8847217763646283,-2.8195130962892936,-0.5529836848794454,1.803466712869955,1.8039519880585033,0.00048527518854823987,True,/home/shiqiu/s-matrix-bootstrap/results/runs/stage_B2_PV_B377500_region_20260907/support_034_adaptive/report.json,/home/shiqiu/s-matrix-bootstrap/results/runs/stage_B2_PV_B377500_region_20260907/support_034_adaptive/coefficients.json
-0.04621801078567971,-0.9989313767616946,-1.988398757256484,-0.6885839956694683,0.7797479940192827,0.7801996210445712,0.00045162702528844806,True,/home/shiqiu/s-matrix-bootstrap/results/runs/stage_B2_PV_B377500_region_20260907/support_035_adaptive/report.json,/home/shiqiu/s-matrix-bootstrap/results/runs/stage_B2_PV_B377500_region_20260907/support_035_adaptive/coefficients.json
0.3656070746563772,-0.9307692877191459,1.8274005556008805,-0.5239926900269911,1.1558268742251376,1.156243586167809,0.000416711942671455,True,/home/shiqiu/s-matrix-bootstrap/results/runs/stage_B2_PV_B377500_region_20260907/support_036_adaptive/report.json,/home/shiqiu/s-matrix-bootstrap/results/runs/stage_B2_PV_B377500_region_20260907/support_036_adaptive/coefficients.json
-0.8796951830932432,0.4755379951618432,-2.8500933295482858,-0.24368257660606604,2.3913330494346887,2.3918242689569253,0.0004912195222366301,True,/home/shiqiu/s-matrix-bootstrap/results/runs/stage_B2_PV_B377500_region_20260907/support_037_adaptive/report.json,/home/shiqiu/s-matrix-bootstrap/results/runs/stage_B2_PV_B377500_region_20260907/support_037_adaptive/coefficients.json
