wave,role,energy_gev,delta_deg
S0,phenomenology,0.2791406,0.0033
S0,phenomenology,0.2793305,0.4861
S0,phenomenology,0.2795222,0.6890
S0,phenomenology,0.2797121,0.8461
S0,phenomenology,0.2799021,0.9772
S0,phenomenology,0.2800937,1.0947
S0,phenomenology,0.2802837,1.2012
S0,phenomenology,0.2806636,1.3904
S0,phenomenology,0.2808552,1.4758
S0,phenomenology,0.2810452,1.5584
S0,phenomenology,0.2814268,1.7107
S0,phenomenology,0.2821883,1.9880
S0,phenomenology,0.2823783,2.0522
S0,phenomenology,0.2825682,2.1137
S0,phenomenology,0.2829498,2.2339
S0,phenomenology,0.2837114,2.4607
S0,phenomenology,0.2852344,2.8711
S0,phenomenology,0.2859959,3.0631
S0,phenomenology,0.2867574,3.2447
S0,phenomenology,0.2882822,3.5917
S0,phenomenology,0.2913282,4.2371
S0,phenomenology,0.2915317,4.2774
S0,phenomenology,0.2917351,4.3198
S0,phenomenology,0.2921486,4.4024
S0,phenomenology,0.2929774,4.5656
S0,phenomenology,0.2946315,4.8825
S0,phenomenology,0.2979281,5.4993
S0,phenomenology,0.3045346,6.6706
S0,phenomenology,0.3168736,8.7756
S0,phenomenology,0.3289688,10.8218
S0,phenomenology,0.3420895,13.0784
S0,phenomenology,0.3543293,15.2400
S0,phenomenology,0.3675996,17.6571
S0,phenomenology,0.3806278,20.1084
S0,phenomenology,0.3927768,22.4674
S0,phenomenology,0.4059563,25.1003
S0,phenomenology,0.4182550,27.6212
S0,phenomenology,0.4303115,30.1456
S0,phenomenology,0.4433986,32.9308
S0,phenomenology,0.4556064,35.5664
S0,phenomenology,0.4688380,38.4507
S0,phenomenology,0.4818326,41.2892
S0,phenomenology,0.4939480,43.9358
S0,phenomenology,0.5070889,46.7852
S0,phenomenology,0.5193555,49.4181
S0,phenomenology,0.5326460,52.2252
S0,phenomenology,0.5456944,54.9223
S0,phenomenology,0.5578686,57.3797
S0,phenomenology,0.5710666,59.9675
S0,phenomenology,0.5833871,62.3074
S0,phenomenology,0.5954689,64.5271
S0,phenomenology,0.6085761,66.8452
S0,phenomenology,0.6208024,68.9235
S0,phenomenology,0.6340610,71.0845
S0,phenomenology,0.6470757,73.1096
S0,phenomenology,0.6592113,74.9181
S0,phenomenology,0.6723706,76.7915
S0,phenomenology,0.6846642,78.4587
S0,phenomenology,0.6967073,80.0193
S0,phenomenology,0.7097742,81.6360
S0,phenomenology,0.7219753,83.0743
S0,phenomenology,0.7351935,84.5605
S0,phenomenology,0.7475392,85.8807
S0,phenomenology,0.7596411,87.1217
S0,phenomenology,0.7727685,88.4051
S0,phenomenology,0.7850218,89.5491
S0,phenomenology,0.7982988,90.7340
S0,phenomenology,0.8113337,91.8466
S0,phenomenology,0.8234894,92.8417
S0,phenomenology,0.8366740,93.8765
S0,phenomenology,0.8489878,94.8053
S0,phenomenology,0.8610494,95.6830
S0,phenomenology,0.8741448,96.6009
S0,phenomenology,0.8863644,97.4328
S0,phenomenology,0.8867847,97.4594
S0,phenomenology,0.8872117,97.4888
S0,phenomenology,0.8880657,97.5448
S0,phenomenology,0.8897720,97.6595
S0,phenomenology,0.8931811,97.8836
S0,phenomenology,0.8933913,97.8999
S0,phenomenology,0.8936081,97.9129
S0,phenomenology,0.8940351,97.9396
S0,phenomenology,0.8948874,97.9956
S0,phenomenology,0.8965886,98.1083
S0,phenomenology,0.8968055,98.1212
S0,phenomenology,0.8970156,98.1376
S0,phenomenology,0.8974426,98.1643
S0,phenomenology,0.8982966,98.2203
S0,phenomenology,0.8985067,98.2332
S0,phenomenology,0.8987236,98.2469
S0,phenomenology,0.8991506,98.2763
S0,phenomenology,0.8995708,98.3029
S0,phenomenology,0.8997860,98.3159
S0,phenomenology,0.8999962,98.3295
S0,experiment,0.5499979,43.0007
S0,experiment,0.6249992,56.0000
S0,experiment,0.6650000,62.0004
S0,experiment,0.6899990,68.0005
S0,experiment,0.7100011,68.9997
S0,experiment,0.7299999,72.0011
S0,experiment,0.7450008,74.0009
S0,experiment,0.7549989,76.0003
S0,experiment,0.7650003,77.0005
S0,experiment,0.7749976,79.0003
S0,experiment,0.7849982,79.9995
S0,experiment,0.7949997,81.0001
S0,experiment,0.8099973,83.0009
S0,experiment,0.8300002,85.9996
S0,experiment,0.8499981,88.0007
S0,experiment,0.8699976,91.0004
S0,experiment,0.8899989,94.0008
S0,experiment,0.9100010,99.0002
S0,experiment,0.9350008,108.9999
S0,experiment,0.9650002,134.0006
S0,experiment,1.0000007,193.9997
S0,experiment,1.0400015,215.0002
S0,experiment,1.0750012,215.0002
S0,experiment,1.1049980,213.0004
S0,experiment,1.1349998,210.0007
S0,experiment,1.1499982,208.0009
S0,paper_bootstrap,0.2791733,0.1703
S0,paper_bootstrap,0.2794490,0.5063
S0,paper_bootstrap,0.2800038,0.8478
S0,paper_bootstrap,0.2808351,1.1968
S0,paper_bootstrap,0.2819521,1.5533
S0,paper_bootstrap,0.2833592,1.9255
S0,paper_bootstrap,0.2850604,2.3094
S0,paper_bootstrap,0.2870701,2.7178
S0,paper_bootstrap,0.2893942,3.1460
S0,paper_bootstrap,0.2920469,3.6009
S0,paper_bootstrap,0.2950493,4.0947
S0,paper_bootstrap,0.2984047,4.6145
S0,paper_bootstrap,0.3021366,5.2018
S0,paper_bootstrap,0.3062737,5.8049
S0,paper_bootstrap,0.3108344,6.5207
S0,paper_bootstrap,0.3158524,7.2371
S0,paper_bootstrap,0.3213545,8.1312
S0,paper_bootstrap,0.3273828,9.0020
S0,paper_bootstrap,0.3339759,10.1398
S0,paper_bootstrap,0.3411859,11.2285
S0,paper_bootstrap,0.3490592,12.6956
S0,paper_bootstrap,0.3576746,14.0991
S0,paper_bootstrap,0.3670911,16.0149
S0,paper_bootstrap,0.3774010,17.8740
S0,paper_bootstrap,0.3887053,20.4058
S0,paper_bootstrap,0.4011124,22.9219
S0,paper_bootstrap,0.4147592,26.2809
S0,paper_bootstrap,0.4298097,29.6904
S0,paper_bootstrap,0.4464488,34.1004
S0,paper_bootstrap,0.4649086,38.5986
S0,paper_bootstrap,0.4854545,44.1294
S0,paper_bootstrap,0.5084312,49.5960
S0,paper_bootstrap,0.5342388,55.8549
S0,paper_bootstrap,0.5633943,61.5667
S0,paper_bootstrap,0.5965422,67.5347
S0,paper_bootstrap,0.6344972,72.3402
S0,paper_bootstrap,0.6783241,76.8086
S0,paper_bootstrap,0.7294249,79.8769
S0,paper_bootstrap,0.7897010,81.9040
S0,paper_bootstrap,0.8617630,83.1211
S0,paper_bootstrap,0.9493260,81.8644
S0,paper_bootstrap,1.0578552,81.2989
S0,paper_bootstrap,1.1957424,76.3281
S2,phenomenology,0.2791422,-0.0012
S2,phenomenology,0.2793596,-0.1184
S2,phenomenology,0.2795821,-0.1677
S2,phenomenology,0.2798063,-0.2061
S2,phenomenology,0.2800237,-0.2382
S2,phenomenology,0.2802479,-0.2664
S2,phenomenology,0.2804653,-0.2930
S2,phenomenology,0.2809070,-0.3393
S2,phenomenology,0.2811294,-0.3609
S2,phenomenology,0.2813536,-0.3806
S2,phenomenology,0.2817952,-0.4189
S2,phenomenology,0.2826767,-0.4874
S2,phenomenology,0.2829009,-0.5034
S2,phenomenology,0.2831184,-0.5188
S2,phenomenology,0.2835600,-0.5492
S2,phenomenology,0.2844482,-0.6065
S2,phenomenology,0.2862130,-0.7101
S2,phenomenology,0.2864371,-0.7224
S2,phenomenology,0.2866546,-0.7348
S2,phenomenology,0.2871012,-0.7589
S2,phenomenology,0.2879845,-0.8058
S2,phenomenology,0.2897559,-0.8952
S2,phenomenology,0.2932905,-1.0625
S2,phenomenology,0.2935281,-1.0736
S2,phenomenology,0.2937708,-1.0840
S2,phenomenology,0.2942461,-1.1056
S2,phenomenology,0.2952069,-1.1481
S2,phenomenology,0.2971233,-1.2322
S2,phenomenology,0.3009613,-1.3944
S2,phenomenology,0.3086321,-1.7047
S2,phenomenology,0.3229522,-2.2595
S2,phenomenology,0.3369960,-2.7881
S2,phenomenology,0.3522246,-3.3546
S2,phenomenology,0.3664403,-3.8796
S2,phenomenology,0.3818459,-4.4466
S2,phenomenology,0.3969769,-5.0007
S2,phenomenology,0.4110796,-5.5166
S2,phenomenology,0.4263807,-6.0743
S2,phenomenology,0.4406621,-6.5939
S2,phenomenology,0.4546654,-7.1010
S2,phenomenology,0.4698553,-7.6502
S2,phenomenology,0.4840306,-8.1604
S2,phenomenology,0.4993974,-8.7120
S2,phenomenology,0.5144828,-9.2500
S2,phenomenology,0.5285451,-9.7504
S2,phenomenology,0.5438075,-10.2896
S2,phenomenology,0.5580484,-10.7895
S2,phenomenology,0.5734760,-11.3282
S2,phenomenology,0.5886254,-11.8532
S2,phenomenology,0.6027619,-12.3387
S2,phenomenology,0.6180833,-12.8608
S2,phenomenology,0.6323899,-13.3433
S2,phenomenology,0.6464202,-13.8121
S2,phenomenology,0.6616354,-14.3144
S2,phenomenology,0.6758376,-14.7778
S2,phenomenology,0.6912247,-15.2725
S2,phenomenology,0.7063353,-15.7515
S2,phenomenology,0.7204314,-16.1907
S2,phenomenology,0.7357139,-16.6584
S2,phenomenology,0.7499802,-17.0866
S2,phenomenology,0.7639649,-17.4968
S2,phenomenology,0.7791414,-17.9325
S2,phenomenology,0.7932980,-18.3280
S2,phenomenology,0.8086447,-18.7439
S2,phenomenology,0.8229783,-19.1190
S2,phenomenology,0.8370356,-19.4731
S2,phenomenology,0.8522777,-19.8415
S2,phenomenology,0.8664984,-20.1680
S2,phenomenology,0.8819192,-20.5011
S2,phenomenology,0.8970485,-20.8040
S2,phenomenology,0.9111647,-21.0632
S2,phenomenology,0.9264793,-21.3142
S2,phenomenology,0.9407675,-21.5222
S2,phenomenology,0.9547775,-21.7265
S2,phenomenology,0.9699809,-21.9517
S2,phenomenology,0.9841628,-22.1639
S2,phenomenology,0.9844123,-22.1676
S2,phenomenology,0.9846567,-22.1713
S2,phenomenology,0.9851573,-22.1787
S2,phenomenology,0.9861450,-22.1935
S2,phenomenology,0.9881255,-22.2231
S2,phenomenology,0.9920831,-22.2830
S2,phenomenology,0.9923275,-22.2867
S2,phenomenology,0.9925770,-22.2904
S2,phenomenology,0.9930708,-22.2978
S2,phenomenology,0.9940585,-22.3133
S2,phenomenology,0.9960407,-22.3428
S2,phenomenology,0.9962902,-22.3466
S2,phenomenology,0.9965345,-22.3502
S2,phenomenology,0.9970284,-22.3577
S2,phenomenology,0.9980228,-22.3730
S2,phenomenology,0.9982656,-22.3768
S2,phenomenology,0.9985167,-22.3804
S2,phenomenology,0.9990106,-22.3878
S2,phenomenology,0.9992600,-22.3916
S2,phenomenology,0.9995028,-22.3953
S2,phenomenology,0.9997539,-22.3990
S2,phenomenology,0.9999966,-22.4027
S2,experiment,0.5099985,-7.2001
S2,experiment,0.5999993,-10.4001
S2,experiment,0.6799991,-15.2998
S2,experiment,0.7599981,-19.4001
S2,experiment,0.8350003,-20.6997
S2,experiment,0.9049999,-21.4001
S2,experiment,0.9799988,-23.2998
S2,experiment,1.0699988,-30.0998
S2,experiment,1.1900001,-31.3998
S2,paper_bootstrap,0.2791742,-0.0336
S2,paper_bootstrap,0.2794481,-0.1008
S2,paper_bootstrap,0.2800010,-0.1712
S2,paper_bootstrap,0.2808370,-0.2384
S2,paper_bootstrap,0.2819528,-0.3162
S2,paper_bootstrap,0.2833585,-0.3847
S2,paper_bootstrap,0.2850643,-0.4741
S2,paper_bootstrap,0.2870717,-0.5463
S2,paper_bootstrap,0.2893961,-0.6494
S2,paper_bootstrap,0.2920499,-0.7305
S2,paper_bootstrap,0.2950459,-0.8474
S2,paper_bootstrap,0.2984035,-0.9449
S2,paper_bootstrap,0.3021369,-1.0751
S2,paper_bootstrap,0.3062782,-1.1991
S2,paper_bootstrap,0.3108376,-1.3404
S2,paper_bootstrap,0.3158511,-1.5018
S2,paper_bootstrap,0.3213552,-1.6541
S2,paper_bootstrap,0.3273835,-1.8636
S2,paper_bootstrap,0.3339772,-2.0308
S2,paper_bootstrap,0.3411870,-2.2968
S2,paper_bootstrap,0.3490609,-2.4899
S2,paper_bootstrap,0.3576731,-2.8156
S2,paper_bootstrap,0.3670951,-3.0548
S2,paper_bootstrap,0.3774055,-3.4395
S2,paper_bootstrap,0.3887035,-3.7572
S2,paper_bootstrap,0.4011148,-4.1953
S2,paper_bootstrap,0.4147633,-4.6377
S2,paper_bootstrap,0.4298116,-5.1239
S2,paper_bootstrap,0.4464527,-5.7464
S2,paper_bootstrap,0.4649075,-6.2894
S2,paper_bootstrap,0.4854565,-7.1473
S2,paper_bootstrap,0.5084284,-7.7955
S2,paper_bootstrap,0.5342380,-8.9283
S2,paper_bootstrap,0.5633983,-9.8069
S2,paper_bootstrap,0.5965432,-11.2220
S2,paper_bootstrap,0.6344968,-12.5791
S2,paper_bootstrap,0.6783229,-14.2691
S2,paper_bootstrap,0.7294287,-16.4915
S2,paper_bootstrap,0.7896994,-18.5785
S2,paper_bootstrap,0.8617613,-22.0717
S2,paper_bootstrap,0.9493232,-25.2776
S2,paper_bootstrap,1.0578546,-30.0995
S2,paper_bootstrap,1.1957385,-36.4842
P1,phenomenology,0.2791406,-0.0005
P1,phenomenology,0.2795810,-0.0005
P1,phenomenology,0.2798046,0.0011
P1,phenomenology,0.2804669,0.0011
P1,phenomenology,0.2809074,0.0032
P1,phenomenology,0.2813478,0.0032
P1,phenomenology,0.2817933,0.0052
P1,phenomenology,0.2826742,0.0094
P1,phenomenology,0.2831196,0.0094
P1,phenomenology,0.2835601,0.0115
P1,phenomenology,0.2844460,0.0156
P1,phenomenology,0.2862128,0.0234
P1,phenomenology,0.2864364,0.0255
P1,phenomenology,0.2866532,0.0275
P1,phenomenology,0.2871004,0.0296
P1,phenomenology,0.2879796,0.0337
P1,phenomenology,0.2897531,0.0436
P1,phenomenology,0.2932850,0.0680
P1,phenomenology,0.2935288,0.0700
P1,phenomenology,0.2937641,0.0721
P1,phenomenology,0.2952031,0.0845
P1,phenomenology,0.2971212,0.0985
P1,phenomenology,0.3009557,0.1328
P1,phenomenology,0.3011977,0.1348
P1,phenomenology,0.3014348,0.1369
P1,phenomenology,0.3019139,0.1410
P1,phenomenology,0.3028721,0.1509
P1,phenomenology,0.3047902,0.1695
P1,phenomenology,0.3086247,0.2100
P1,phenomenology,0.3088550,0.2121
P1,phenomenology,0.3090786,0.2141
P1,phenomenology,0.3095240,0.2198
P1,phenomenology,0.3104184,0.2281
P1,phenomenology,0.3122104,0.2483
P1,phenomenology,0.3157893,0.2908
P1,phenomenology,0.3229540,0.3821
P1,phenomenology,0.3231709,0.3841
P1,phenomenology,0.3233877,0.3883
P1,phenomenology,0.3247074,0.4064
P1,phenomenology,0.3264607,0.4308
P1,phenomenology,0.3299724,0.4790
P1,phenomenology,0.3369925,0.5842
P1,phenomenology,0.3522280,0.8418
P1,phenomenology,0.3664447,1.1150
P1,phenomenology,0.3818499,1.4467
P1,phenomenology,0.3969727,1.8137
P1,phenomenology,0.4110836,2.1921
P1,phenomenology,0.4263778,2.6477
P1,phenomenology,0.4406601,3.1194
P1,phenomenology,0.4546600,3.6315
P1,phenomenology,0.4698551,4.2453
P1,phenomenology,0.4840264,4.8828
P1,phenomenology,0.4993930,5.6546
P1,phenomenology,0.5144754,6.5047
P1,phenomenology,0.5285476,7.3936
P1,phenomenology,0.5438032,8.4832
P1,phenomenology,0.5580451,9.6370
P1,phenomenology,0.5734773,11.0687
P1,phenomenology,0.5886270,12.6926
P1,phenomenology,0.6027579,14.4498
P1,phenomenology,0.6180842,16.6792
P1,phenomenology,0.6323933,19.1392
P1,phenomenology,0.6326102,19.1797
P1,phenomenology,0.6328338,19.2206
P1,phenomenology,0.6332658,19.3035
P1,phenomenology,0.6341467,19.4694
P1,phenomenology,0.6359000,19.8074
P1,phenomenology,0.6394067,20.5061
P1,phenomenology,0.6464201,21.9984
P1,phenomenology,0.6468925,22.1036
P1,phenomenology,0.6473716,22.2109
P1,phenomenology,0.6483231,22.4255
P1,phenomenology,0.6502210,22.8630
P1,phenomenology,0.6540303,23.7721
P1,phenomenology,0.6616337,25.7320
P1,phenomenology,0.6620809,25.8533
P1,phenomenology,0.6625213,25.9730
P1,phenomenology,0.6634072,26.2182
P1,phenomenology,0.6651874,26.7158
P1,phenomenology,0.6687328,27.7488
P1,phenomenology,0.6758386,29.9720
P1,phenomenology,0.6760740,30.0508
P1,phenomenology,0.6763177,30.1296
P1,phenomenology,0.6767968,30.2897
P1,phenomenology,0.6777618,30.6116
P1,phenomenology,0.6796866,31.2699
P1,phenomenology,0.6835278,32.6404
P1,phenomenology,0.6912237,35.6146
P1,phenomenology,0.6914607,35.7100
P1,phenomenology,0.6921701,36.0018
P1,phenomenology,0.6931149,36.3942
P1,phenomenology,0.6950061,37.1961
P1,phenomenology,0.6987817,38.8646
P1,phenomenology,0.7063331,42.4769
P1,phenomenology,0.7065566,42.5884
P1,phenomenology,0.7067735,42.6993
P1,phenomenology,0.7072139,42.9243
P1,phenomenology,0.7080999,43.3757
P1,phenomenology,0.7098599,44.2953
P1,phenomenology,0.7133801,46.1981
P1,phenomenology,0.7204254,50.2800
P1,phenomenology,0.7206691,50.4241
P1,phenomenology,0.7209045,50.5698
P1,phenomenology,0.7213836,50.8616
P1,phenomenology,0.7223367,51.4483
P1,phenomenology,0.7242481,52.6452
P1,phenomenology,0.7280692,55.1172
P1,phenomenology,0.7357129,60.3695
P1,phenomenology,0.7499751,71.1152
P1,phenomenology,0.7639631,82.3180
P1,phenomenology,0.7791381,94.2782
P1,phenomenology,0.7932959,104.4485
P1,phenomenology,0.7935380,104.6087
P1,phenomenology,0.7937750,104.7704
P1,phenomenology,0.7942542,105.0908
P1,phenomenology,0.7952191,105.7242
P1,phenomenology,0.7971372,106.9734
P1,phenomenology,0.8009717,109.3930
P1,phenomenology,0.8086490,113.9062
P1,phenomenology,0.8090946,114.1576
P1,phenomenology,0.8095417,114.4064
P1,phenomenology,0.8104411,114.8983
P1,phenomenology,0.8122331,115.8686
P1,phenomenology,0.8158121,117.7372
P1,phenomenology,0.8229835,121.2137
P1,phenomenology,0.8234172,121.4164
P1,phenomenology,0.8238559,121.6165
P1,phenomenology,0.8247368,122.0156
P1,phenomenology,0.8264969,122.7972
P1,phenomenology,0.8300035,124.3035
P1,phenomenology,0.8370287,127.1036
P1,phenomenology,0.8372725,127.1928
P1,phenomenology,0.8375095,127.2840
P1,phenomenology,0.8379886,127.4623
P1,phenomenology,0.8389401,127.8163
P1,phenomenology,0.8408447,128.5109
P1,phenomenology,0.8446540,129.8451
P1,phenomenology,0.8522776,132.3134
P1,phenomenology,0.8524944,132.3824
P1,phenomenology,0.8527164,132.4492
P1,phenomenology,0.8531635,132.5850
P1,phenomenology,0.8540494,132.8541
P1,phenomenology,0.8558297,133.3807
P1,phenomenology,0.8593885,134.3992
P1,phenomenology,0.8665010,136.2964
P1,phenomenology,0.8667431,136.3570
P1,phenomenology,0.8669801,136.4176
P1,phenomenology,0.8674660,136.5389
P1,phenomenology,0.8684242,136.7800
P1,phenomenology,0.8703557,137.2516
P1,phenomenology,0.8742104,138.1629
P1,phenomenology,0.8819130,139.8599
P1,phenomenology,0.8821484,139.9081
P1,phenomenology,0.8823921,139.9589
P1,phenomenology,0.8828645,140.0564
P1,phenomenology,0.8838109,140.2528
P1,phenomenology,0.8857021,140.6354
P1,phenomenology,0.8894845,141.3766
P1,phenomenology,0.8970492,142.7652
P1,phenomenology,0.9111668,145.0615
P1,phenomenology,0.9264729,147.1934
P1,phenomenology,0.9407686,148.9143
P1,phenomenology,0.9547819,150.3988
P1,phenomenology,0.9699770,151.8242
P1,phenomenology,0.9841685,153.0149
P1,phenomenology,0.9844106,153.0351
P1,phenomenology,0.9846610,153.0532
P1,phenomenology,0.9851536,153.0937
P1,phenomenology,0.9861454,153.1704
P1,phenomenology,0.9881207,153.3264
P1,phenomenology,0.9920812,153.6301
P1,phenomenology,0.9923300,153.6503
P1,phenomenology,0.9925805,153.6685
P1,phenomenology,0.9930730,153.7074
P1,phenomenology,0.9940632,153.7799
P1,phenomenology,0.9960401,153.9277
P1,phenomenology,0.9962906,153.9463
P1,phenomenology,0.9965327,153.9645
P1,phenomenology,0.9970319,154.0028
P1,phenomenology,0.9980170,154.0759
P1,phenomenology,0.9982659,154.0920
P1,phenomenology,0.9985163,154.1101
P1,phenomenology,0.9990089,154.1464
P1,phenomenology,0.9995081,154.1832
P1,phenomenology,0.9997502,154.2013
P1,phenomenology,1.0000007,154.2195
P1,experiment,0.5499979,9.9996
P1,experiment,0.6249992,18.9998
P1,experiment,0.6650000,30.0002
P1,experiment,0.6899990,39.0004
P1,experiment,0.7100011,47.9993
P1,experiment,0.7299999,59.9999
P1,experiment,0.7450008,70.0002
P1,experiment,0.7549989,76.9999
P1,experiment,0.7650003,84.9999
P1,experiment,0.7749976,91.9996
P1,experiment,0.7849982,99.0000
P1,experiment,0.7949997,105.0006
P1,experiment,0.8099973,114.0005
P1,experiment,0.8300002,123.9998
P1,experiment,0.8499981,131.0005
P1,experiment,0.8699976,135.9996
P1,experiment,0.8899989,141.9999
P1,experiment,0.9100010,144.9998
P1,experiment,0.9350008,149.9997
P1,experiment,0.9650002,152.9993
P1,experiment,1.0000007,156.0002
P1,experiment,1.0400015,157.9997
P1,experiment,1.0750012,160.0000
P1,experiment,1.1049980,161.9998
P1,experiment,1.1349998,162.9996
P1,experiment,1.1499982,164.0000
P1,paper_bootstrap,0.2791733,0.0003
P1,paper_bootstrap,0.2794490,0.0003
P1,paper_bootstrap,0.2800038,0.0003
P1,paper_bootstrap,0.2808351,0.0024
P1,paper_bootstrap,0.2819521,0.0045
P1,paper_bootstrap,0.2833592,0.0086
P1,paper_bootstrap,0.2850604,0.0122
P1,paper_bootstrap,0.2870701,0.0205
P1,paper_bootstrap,0.2893942,0.0288
P1,paper_bootstrap,0.2920469,0.0428
P1,paper_bootstrap,0.2950493,0.0568
P1,paper_bootstrap,0.2984047,0.0770
P1,paper_bootstrap,0.3021366,0.0972
P1,paper_bootstrap,0.3062737,0.1278
P1,paper_bootstrap,0.3108344,0.1563
P1,paper_bootstrap,0.3158524,0.1999
P1,paper_bootstrap,0.3213545,0.2372
P1,paper_bootstrap,0.3273828,0.2968
P1,paper_bootstrap,0.3339759,0.3486
P1,paper_bootstrap,0.3411859,0.4254
P1,paper_bootstrap,0.3490592,0.4984
P1,paper_bootstrap,0.3576746,0.5964
P1,paper_bootstrap,0.3670911,0.6959
P1,paper_bootstrap,0.3774010,0.8203
P1,paper_bootstrap,0.3887053,0.9572
P1,paper_bootstrap,0.4011124,1.1129
P1,paper_bootstrap,0.4147592,1.3024
P1,paper_bootstrap,0.4298097,1.5006
P1,paper_bootstrap,0.4464488,1.7598
P1,paper_bootstrap,0.4649086,2.0208
P1,paper_bootstrap,0.4854545,2.3753
P1,paper_bootstrap,0.5084312,2.7335
P1,paper_bootstrap,0.5342388,3.2197
P1,paper_bootstrap,0.5633943,3.7360
P1,paper_bootstrap,0.5965422,4.4103
P1,paper_bootstrap,0.6344972,5.1938
P1,paper_bootstrap,0.6783241,6.1597
P1,paper_bootstrap,0.7294249,7.4069
P1,paper_bootstrap,0.7897010,8.8665
P1,paper_bootstrap,0.8617630,10.9228
P1,paper_bootstrap,0.9493260,13.2724
P1,paper_bootstrap,1.0578552,16.7269
P1,paper_bootstrap,1.1957424,20.5680
