drawing_index,epsilon,color,role,x,y,pdf_x,pdf_y,pdf_marker_radius
0,,blue,boundary_sample,2.1575013525396964,-0.2703706155704827,882.0719909667969,277.7209930419922,2.256011962890625
1,,blue,boundary_sample,2.175169843860251,-0.24029023830784882,885.0530090332031,259.14649963378906,2.256011962890625
2,,blue,boundary_sample,2.1906688885591277,-0.2098308965963292,887.6679992675781,240.33799743652344,2.258026123046875
3,,blue,boundary_sample,2.2031601186947327,-0.17909868614936217,889.7755126953125,221.36100006103516,2.2554931640625
4,,blue,boundary_sample,2.213719032817383,-0.1481397543396847,891.5570068359375,202.24400329589844,2.2559814453125
5,,blue,boundary_sample,2.221726305828476,-0.1170609752701549,892.9079895019531,183.0530014038086,2.256011962890625
6,,blue,boundary_sample,2.2278162756721707,-0.08588665198820875,893.9354858398438,163.8030014038086,2.2554931640625
7,,blue,boundary_sample,2.231333984351376,-0.05474958019991774,894.5289916992188,144.5760040283203,2.2559814453125
8,,blue,boundary_sample,2.232886819039312,-0.02366755784113934,894.7909851074219,125.38299942016602,2.256011962890625
9,,blue,boundary_sample,2.23204230125737,0.007237936917109083,894.6484985351562,106.29899978637695,2.25750732421875
10,,blue,boundary_sample,2.204155669320522,0.0344591909982318,889.9434814453125,89.4900016784668,2.2554931640625
11,,blue,boundary_sample,2.049683436819924,0.041840620798702315,863.8810119628906,84.93200302124023,2.256011962890625
12,,blue,boundary_sample,1.8944699676797032,0.045238222660885216,837.6934814453125,82.83399963378906,2.2554931640625
13,,blue,boundary_sample,1.7556478127218291,0.047647961861806615,814.271484375,81.34599685668945,2.2554931640625
14,,blue,boundary_sample,1.632917619423467,0.049647971698684255,793.5645141601562,80.11100006103516,2.2554931640625
15,,blue,boundary_sample,1.5240444634509958,0.05138725814613873,775.1954956054688,79.0369987487793,2.25750732421875
16,,blue,boundary_sample,1.4266993640889978,0.05289253355219073,758.771484375,78.10749816894531,2.2554931640625
17,,blue,boundary_sample,1.3391131569714037,0.0542018525106903,743.9939880371094,77.29899978637695,2.256011962890625
18,,blue,boundary_sample,1.2600025151196574,0.055372710817897526,730.646484375,76.57600021362305,2.2554931640625
19,,blue,boundary_sample,1.188137651341764,0.05640996414114459,718.521484375,75.93550109863281,2.2554931640625
20,,blue,boundary_sample,1.1225704049581475,0.05735248252986402,707.4590148925781,75.35350036621094,2.256011962890625
21,,blue,boundary_sample,1.0624439585061694,0.05818730518244909,697.3145141601562,74.8380012512207,2.2554931640625
22,,blue,boundary_sample,1.007177513828233,0.058959782549135704,687.989990234375,74.36100006103516,2.2559814453125
23,,blue,boundary_sample,0.9560571468109686,0.059630229124908826,679.364990234375,73.94700241088867,2.2559814453125
24,,blue,boundary_sample,0.9078765843578306,0.05997193590244564,671.2359924316406,73.73600006103516,2.256011962890625
25,,blue,boundary_sample,0.8649295360410627,0.06087559041942635,663.989990234375,73.17799758911133,2.2559814453125
26,,blue,boundary_sample,0.8224240100857686,0.060856964672598775,656.8184814453125,73.18949890136719,2.2554931640625
27,,blue,boundary_sample,0.785750884190171,0.06190717261975875,650.6310119628906,72.54100036621094,2.256011962890625
28,,blue,boundary_sample,0.7499103381511336,0.06235575967784742,644.5840148925781,72.26399993896484,2.256011962890625
29,,blue,boundary_sample,0.7162924167650209,0.06279301066780058,638.9120178222656,71.99399948120117,2.256011962890625
30,,blue,boundary_sample,0.684642082535037,0.06318167409596305,633.5719909667969,71.75400161743164,2.256011962890625
31,,blue,boundary_sample,0.6548708862867616,0.0635768241026227,628.5490112304688,71.5099983215332,2.2559814453125
32,,blue,boundary_sample,0.6258700479809346,0.06356467257890468,623.656005859375,71.51750183105469,2.25799560546875
33,,blue,boundary_sample,0.6000342069225745,0.06426022530230874,619.2969970703125,71.0880012512207,2.25799560546875
34,,blue,boundary_sample,0.5747377430382883,0.06456387748599551,615.0289916992188,70.90049743652344,2.2559814453125
35,,blue,boundary_sample,0.5507305750952494,0.0648545688680756,610.978515625,70.72099685668945,2.2554931640625
36,,blue,boundary_sample,0.5271616737158528,0.06477278237976705,607.0019836425781,70.77149963378906,2.256011962890625
37,,blue,boundary_sample,0.5054216263294347,0.06503270266899534,603.3340148925781,70.61100006103516,2.256011962890625
38,,blue,boundary_sample,0.48421480627674224,0.06502622226819199,599.7560119628906,70.6150016784668,2.256011962890625
39,,blue,boundary_sample,0.4644897359926662,0.06530720231560773,596.4280090332031,70.44149780273438,2.256011962890625
40,,blue,boundary_sample,0.445570656549527,0.06555092469167453,593.2359924316406,70.29100036621094,2.256011962890625
41,,blue,boundary_sample,0.42737472598028037,0.06573392651531405,590.1659851074219,70.17799758911133,2.256011962890625
42,,blue,boundary_sample,0.4100323570758409,0.0659719777684662,587.239990234375,70.03100204467773,2.2559814453125
43,,blue,boundary_sample,0.39324709135589103,0.06611368170900711,584.4079895019531,69.94350051879883,2.256011962890625
44,,blue,boundary_sample,0.37755251790947103,0.06653149767424399,581.760009765625,69.68550109863281,2.2559814453125
45,,blue,boundary_sample,0.3620621553381448,0.06668291912714304,579.146484375,69.59199905395508,2.2554931640625
46,,blue,boundary_sample,0.3477543708902577,0.06725295964547386,576.7324829101562,69.2400016784668,2.2554931640625
47,,blue,boundary_sample,0.3333785764432251,0.0674043810983729,574.3070068359375,69.14649963378906,2.2559814453125
48,,blue,boundary_sample,0.3189997070760184,0.06720195042771092,571.8810119628906,69.27149963378906,2.256011962890625
49,,blue,boundary_sample,0.3061380394982592,0.06773312707430301,569.7109985351562,68.94350051879883,2.25799560546875
50,,blue,boundary_sample,0.2926749537099715,0.06749264180979099,567.4395141601562,69.09199905395508,2.2554931640625
51,,blue,boundary_sample,0.2801717856489845,0.06765782098679783,565.3299865722656,68.9900016784668,2.256011962890625
52,,blue,boundary_sample,0.26850155919987223,0.06814770592798512,563.3609924316406,68.6875,2.256011962890625
53,,blue,boundary_sample,0.2567423409433675,0.06828373874561136,561.3769836425781,68.60350036621094,2.256011962890625
54,,blue,boundary_sample,0.24532697111339352,0.06840438292796482,559.4509887695312,68.52900314331055,2.2559814453125
55,,blue,boundary_sample,0.2342494807472593,0.06853394152248152,557.5820007324219,68.44900131225586,2.258026123046875
56,,blue,boundary_sample,0.2234950378770661,0.06865702589388867,555.7675170898438,68.37299728393555,2.2554931640625
57,,blue,boundary_sample,0.21301896572146037,0.06876389999674672,554.0,68.30700302124023,2.25799560546875
58,,blue,boundary_sample,0.20226434197360985,0.06835903865542274,552.1854858398438,68.55700302124023,2.2554931640625
59,,blue,boundary_sample,0.1925412635053515,0.06862867645700915,550.5450134277344,68.3905029296875,2.256011962890625
60,,blue,boundary_sample,0.18316456575082612,0.06899224609292832,548.9629821777344,68.16600036621094,2.256011962890625
61,,blue,boundary_sample,0.1738564206284181,0.0691979200528389,547.3925170898438,68.03899765014648,2.2554931640625
62,,blue,boundary_sample,0.1644354078478538,0.06904892643360593,545.8030090332031,68.13100051879883,2.256011962890625
63,,blue,boundary_sample,0.15572868093597428,0.06939062703344895,544.3340148925781,67.92000198364258,2.256011962890625
64,,blue,boundary_sample,0.1469772772427412,0.06949184854647375,542.8574829101562,67.85749816894531,2.2554931640625
65,,blue,boundary_sample,0.13841000700464137,0.06958010925789183,541.4120178222656,67.80299758911133,2.256011962890625
66,,blue,boundary_sample,0.13007661157743278,0.06968212769341771,540.0060119628906,67.7400016784668,2.256011962890625
67,,blue,boundary_sample,0.12187959790382975,0.06975743378092289,538.6230163574219,67.69350051879883,2.256011962890625
68,,blue,boundary_sample,0.11388100702028679,0.06985864911625388,537.2734985351562,67.63100051879883,2.25750732421875
69,,blue,boundary_sample,0.10604249286345592,0.06994124488245111,535.9509887695312,67.57999801635742,2.2559814453125
70,,blue,boundary_sample,0.09835519242812936,0.07001735407015118,534.6539916992188,67.53300094604492,2.2559814453125
71,,blue,boundary_sample,0.0908102427090993,0.07009346943554505,533.3810119628906,67.48600006103516,2.256011962890625
72,,blue,boundary_sample,0.08337761801525369,0.07011776630528728,532.1269836425781,67.47099685668945,2.256011962890625
73,,blue,boundary_sample,0.07617651672275437,0.0702570362344683,530.9120178222656,67.3849983215332,2.256011962890625
74,,blue,boundary_sample,0.06906983356736658,0.0703428691122203,529.7129821777344,67.33199691772461,2.256011962890625
75,,blue,boundary_sample,0.06184485642410343,0.07009346943554505,528.4939880371094,67.48600006103516,2.256011962890625
76,,blue,boundary_sample,0.05520085831609366,0.07049185037606566,527.3730163574219,67.2400016784668,2.256011962890625
77,,blue,boundary_sample,0.04844091762975343,0.07055501111754663,526.2324829101562,67.20100021362305,2.2554931640625
78,,blue,boundary_sample,0.04179384460156953,0.07063679760585516,525.1109924316406,67.15049743652344,2.256011962890625
79,,blue,boundary_sample,0.035244626385985904,0.07069428104672765,524.0060119628906,67.1150016784668,2.256011962890625
80,,blue,boundary_sample,0.028784038222480157,0.0707315325403828,522.9159851074219,67.09199905395508,2.256011962890625
81,,blue,boundary_sample,0.0224629067327541,0.07083355097590868,521.8494873046875,67.02900314331055,2.2554931640625
82,,blue,boundary_sample,0.016213041040004955,0.07088376327117053,520.7950134277344,66.99799728393555,2.256011962890625
83,,blue,boundary_sample,0.010031004468743986,0.07094043743415433,519.7519836425781,66.9630012512207,2.256011962890625
84,,blue,boundary_sample,0.003872843748246853,0.07085217672273625,518.7129821777344,67.01750183105469,2.256011962890625
85,,blue,boundary_sample,-0.0020302794754547397,0.0710602785163129,517.7170104980469,66.88899993896484,2.256011962890625
86,,blue,boundary_sample,-0.008028544346897079,0.07098173531725295,516.7049865722656,66.9375,2.256011962890625
87,,blue,boundary_sample,-0.013792572652133586,0.07120602884629729,515.7324829101562,66.79899978637695,2.2554931640625
88,,blue,boundary_sample,-0.019651380849796236,0.07106675891711625,514.7439880371094,66.8849983215332,2.256011962890625
89,,blue,boundary_sample,-0.025275952481253056,0.07131372458243164,513.7950134277344,66.73249816894531,2.256011962890625
90,,blue,boundary_sample,-0.030971789909686784,0.07125703806406022,512.8340148925781,66.76750183105469,2.256011962890625
91,,blue,boundary_sample,-0.03650474700772024,0.07140522240540449,511.90049743652344,66.67599868774414,2.2555084228515625
92,,blue,boundary_sample,-0.042037523228096396,0.07141493374006883,510.9670104980469,66.67000198364258,2.256011962890625
93,,blue,boundary_sample,-0.04752598442243361,0.0713898337701317,510.04100036621094,66.68550109863281,2.2559967041015625
94,,blue,boundary_sample,-0.05290772779896276,0.07151615525309363,509.13299560546875,66.60749816894531,2.25799560546875
95,,blue,boundary_sample,-0.058233127785242395,0.07163679943544708,508.2344970703125,66.53300094604492,2.25750732421875
96,,blue,boundary_sample,-0.06359407023118184,0.0715477294461403,507.3300018310547,66.5880012512207,2.2559967041015625
97,,blue,boundary_sample,-0.0688720802712484,0.0715477294461403,506.4394989013672,66.5880012512207,2.2555084228515625
98,,blue,boundary_sample,-0.07407005194795893,0.07161736441073081,505.5625,66.54500198364258,2.25750732421875
99,,blue,boundary_sample,-0.07928882455525915,0.07147809448154979,504.68199157714844,66.63100051879883,2.2559967041015625
100,,blue,boundary_sample,-0.08429117704559777,0.07196231447751622,503.83799743652344,66.33199691772461,2.2559967041015625
101,,blue,boundary_sample,-0.08938541538584571,0.07202222575205479,502.97850036621094,66.29500198364258,2.2555084228515625
102,,blue,boundary_sample,-0.09450334869920018,0.0718068466351737,502.11500549316406,66.42799758911133,2.2559967041015625
103,,blue,boundary_sample,-0.09945831124332573,0.07210482151825201,501.2790069580078,66.24399948120117,2.2559967041015625
104,,blue,boundary_sample,-0.10447857062173722,0.07205381230048907,500.43199157714844,66.27549743652344,2.2559967041015625
105,,blue,boundary_sample,-0.10943353316586278,0.0720789122704262,499.5959930419922,66.2599983215332,2.2559967041015625
106,,blue,boundary_sample,-0.1143648007368818,0.07214206992306026,498.7639923095703,66.22099876403809,2.2559967041015625
107,,blue,boundary_sample,-0.11926341989075782,0.07216150494777653,497.9375,66.20899772644043,2.25750732421875
108,,blue,boundary_sample,-0.12413834407152734,0.07223113991236704,497.11500549316406,66.1659984588623,2.2559967041015625
109,,blue,boundary_sample,-0.12899852672322673,0.07222465642271678,496.2949981689453,66.17000198364258,2.2559967041015625
110,,blue,boundary_sample,-0.1338142134712299,0.07233882638196068,495.4824981689453,66.09950256347656,2.2555084228515625
111,,blue,boundary_sample,-0.13862990021923308,0.07233235215885113,494.6699981689453,66.10350036621094,2.2559967041015625
112,,blue,boundary_sample,-0.14346928194034275,0.07198417115820475,493.85350036621094,66.31850051879883,2.2555084228515625
113,,blue,boundary_sample,-0.14823757874213286,0.0720789122704262,493.0489959716797,66.2599983215332,2.2559967041015625
114,,blue,boundary_sample,-0.15298507461333324,0.07210482151825201,492.2480010986328,66.24399948120117,2.2559967041015625
115,,blue,boundary_sample,-0.15773257048453362,0.07214854723501671,491.44700622558594,66.21699905395508,2.2559967041015625
116,,blue,boundary_sample,-0.16245347734011065,0.07220522448684741,490.65049743652344,66.1820011138916,2.2555084228515625
117,,blue,boundary_sample,-0.16717727823820447,0.07225623988230416,489.85350036621094,66.15049934387207,2.2555084228515625
118,,blue,boundary_sample,-0.1718773841631918,0.07228781716419774,489.0605010986328,66.13100051879883,2.2555084228515625
119,,blue,boundary_sample,-0.1765774900881791,0.07223113991236704,488.2675018310547,66.1659984588623,2.2555084228515625
120,,blue,boundary_sample,-0.18126574852661315,0.07241737575871443,487.47650146484375,66.05099868774414,2.25750732421875
121,,blue,boundary_sample,-0.18595400696504719,0.07239875001188686,486.6855010986328,66.0625,2.2555084228515625
122,,blue,boundary_sample,-0.19063041791692797,0.07249024783485973,485.89649963378906,66.00600051879883,2.2555084228515625
123,,blue,boundary_sample,-0.19531867635536201,0.0725793178241665,485.1054992675781,65.95100021362305,2.25750732421875
124,,blue,boundary_sample,-0.20000693479379605,0.0726230435409312,484.3144989013672,65.92399978637695,2.2555084228515625
125,,blue,boundary_sample,-0.20468334574567681,0.07269267850552172,483.52549743652344,65.88100051879883,2.2555084228515625
126,,blue,boundary_sample,-0.20936265074007443,0.07271858775334752,482.7360076904297,65.8650016784668,2.2559967041015625
127,,blue,boundary_sample,-0.21405986262254492,0.07275583924700267,481.94349670410156,65.84199905395508,2.2555084228515625
128,,blue,boundary_sample,-0.2187599685475322,0.07277527118287204,481.15049743652344,65.82999992370605,2.2555084228515625
129,,blue,boundary_sample,-0.22346007447251953,0.07288539475267247,480.3574981689453,65.76199913024902,2.2555084228515625
130,,blue,boundary_sample,-0.22816018039750685,0.07288863186422724,479.5644989013672,65.76000022888184,2.2555084228515625
131,,blue,boundary_sample,-0.2328839812956007,0.07293964417083709,478.7675018310547,65.72850036621094,2.2555084228515625
132,,blue,boundary_sample,-0.23762858312428425,0.07302790488225518,477.9669952392578,65.67399978637695,2.2559967041015625
133,,blue,boundary_sample,-0.24237607899548463,0.07306596256495211,477.16600036621094,65.65049934387207,2.2559967041015625
134,,blue,boundary_sample,-0.24714726983979154,0.0731234490946715,476.3610076904297,65.6150016784668,2.2559967041015625
135,,blue,boundary_sample,-0.2519126725990648,0.07318660983615247,475.55699157714844,65.57600021362305,2.2559967041015625
136,,blue,boundary_sample,-0.25670755841647824,0.07323033555291716,474.7480010986328,65.54899978637695,2.2559967041015625
137,,blue,boundary_sample,-0.26154404609507115,0.07341414047675159,473.93199157714844,65.43550109863281,2.2559967041015625
138,,blue,boundary_sample,-0.2664545127355004,0.07383762756490313,473.10350036621094,65.17399978637695,2.2555084228515625
139,,blue,boundary_sample,-0.2713175894297167,0.07388863678266606,472.2830047607422,65.14250183105469,2.2559967041015625
140,,blue,boundary_sample,-0.2762133145410759,0.07393965526696972,471.4570007324219,65.11099815368652,2.25799560546875
141,,blue,boundary_sample,-0.28115642959864817,0.07407244479534739,470.6230010986328,65.02900123596191,2.2559967041015625
142,,blue,boundary_sample,-0.2860876971696672,0.07410969320015563,469.79100036621094,65.00600051879883,2.2559967041015625
143,,blue,boundary_sample,-0.29107820217345254,0.07417285394163659,468.9490051269531,64.96699905395508,2.25799560546875
144,,blue,boundary_sample,-0.2960895081078276,0.07421091162433352,468.10350036621094,64.9434986114502,2.2555084228515625
145,,blue,boundary_sample,-0.30111266152875593,0.0742424889062271,467.25599670410156,64.92399978637695,2.2559967041015625
146,,blue,boundary_sample,-0.3061950523824506,0.07428702390088049,466.39849853515625,64.89649963378906,2.25750732421875
147,,blue,boundary_sample,-0.3113248331823583,0.07436880730034212,465.5330047607422,64.84599876403809,2.2559967041015625
148,,blue,boundary_sample,-0.31648726239940905,0.07443844226493264,464.66200256347656,64.80299949645996,2.2559967041015625
149,,blue,boundary_sample,-0.3215341107934439,0.07402143248873755,463.8105010986328,65.06050109863281,2.2555084228515625
150,,blue,boundary_sample,-0.3268595107797235,0.07437528461229857,462.91200256347656,64.84199905395508,2.2559967041015625
151,,blue,boundary_sample,-0.3320930249160939,0.07422953119346729,462.0290069580078,64.9320011138916,2.2559967041015625
152,,blue,boundary_sample,-0.3375340057253894,0.07461009875389593,461.1110076904297,64.69700241088867,2.2559967041015625
153,,blue,boundary_sample,-0.3429275965884718,0.0746732594953769,460.2010040283203,64.65800094604492,2.2559967041015625
154,,blue,boundary_sample,-0.348356729911214,0.07470403367707559,459.2850036621094,64.63899803161621,2.25799560546875
155,,blue,boundary_sample,-0.35387774908386554,0.07480605520144837,458.35350036621094,64.57600021362305,2.2555084228515625
156,,blue,boundary_sample,-0.3594343107161769,0.07484978091821307,457.41600036621094,64.54899978637695,2.2559967041015625
157,,blue,boundary_sample,-0.364946376444792,0.07469835946531402,456.4860076904297,64.64250183105469,2.2559967041015625
158,,blue,boundary_sample,-0.3707312056806182,0.07498905084739409,455.50999450683594,64.4630012512207,2.2559967041015625
159,,blue,boundary_sample,-0.376474433055265,0.07503925387611525,454.54100036621094,64.4320011138916,2.2559967041015625
160,,blue,boundary_sample,-0.38228585130671455,0.07507812083670087,453.5605010986328,64.40800094604492,2.2555084228515625
161,,blue,boundary_sample,-0.3878187179659194,0.07442629383006152,452.6269989013672,64.81050109863281,2.2559967041015625
162,,blue,boundary_sample,-0.39416065038623516,0.07522306497764347,451.55699157714844,64.3184986114502,2.2559967041015625
163,,blue,boundary_sample,-0.40022981929933976,0.07530565147729998,450.5330047607422,64.26750183105469,2.2559967041015625
164,,blue,boundary_sample,-0.4063642850467304,0.07535666996160363,449.4980010986328,64.23599815368652,2.2559967041015625
165,,blue,boundary_sample,-0.4125461407403341,0.0753623349068245,448.4550018310547,64.23250007629395,2.2559967041015625
166,,blue,boundary_sample,-0.4188880731606498,0.0754765079549153,447.38499450683594,64.1619987487793,2.2559967041015625
167,,blue,boundary_sample,-0.42527739552717864,0.07552670789478955,446.30699157714844,64.13100051879883,2.2559967041015625
168,,blue,boundary_sample,-0.43178519275924016,0.07558339132431405,445.20899963378906,64.09599876403809,2.2559967041015625
169,,blue,boundary_sample,-0.4382929899913017,0.07548298217802485,444.1110076904297,64.15800094604492,2.2559967041015625
170,,blue,boundary_sample,-0.44509724570368087,0.07569189016064329,442.96299743652344,64.02900123596191,2.2559967041015625
171,,blue,boundary_sample,-0.4519725863353796,0.0758182085547583,441.80299377441406,63.95100021362305,2.2559967041015625
172,,blue,boundary_sample,-0.45889531691329144,0.07586840849463256,440.63499450683594,63.92000198364258,2.2559967041015625
173,,blue,boundary_sample,-0.46598101826043226,0.07592833212455874,439.4394989013672,63.882999420166016,2.2555084228515625
174,,blue,boundary_sample,-0.47277632052877494,0.07544411521743923,438.2929992675781,64.1820011138916,2.25799560546875
175,,blue,boundary_sample,-0.48052285839686787,0.07606436494218499,436.9860076904297,63.79899978637695,2.2559967041015625
176,,blue,boundary_sample,-0.4879997981167524,0.07614047721873196,435.72450256347656,63.75200080871582,2.2555084228515625
177,,blue,boundary_sample,-0.49561601363275937,0.07621011836101628,434.4394989013672,63.70899772644043,2.2555084228515625
178,,blue,boundary_sample,-0.5034188948911018,0.0762927048606728,433.1230010986328,63.65800094604492,2.2559967041015625
179,,blue,boundary_sample,-0.5113492044590133,0.07635586560215377,431.7850036621094,63.61899948120117,2.25799560546875
180,,blue,boundary_sample,-0.5194632857267435,0.07644412631357185,430.41600036621094,63.56449890136719,2.2559967041015625
181,,blue,boundary_sample,-0.5277521852502558,0.0765072839662059,429.0175018310547,63.52549934387207,2.2555084228515625
182,,blue,boundary_sample,-0.5362248564735869,0.07658339624275287,427.58799743652344,63.47850036621094,2.2559967041015625
183,,blue,boundary_sample,-0.5449078884123598,0.07665869924141115,426.1230010986328,63.4320011138916,2.2559967041015625
184,,blue,boundary_sample,-0.5537746920509514,0.07673805480720669,424.6269989013672,63.382999420166016,2.2559967041015625
185,,blue,boundary_sample,-0.5628608098490214,0.07680445266024244,423.093994140625,63.34199905395508,2.25799560546875
186,,blue,boundary_sample,-0.57218098333564,0.07688704533759276,421.52149963378906,63.290998458862305,2.2555084228515625
187,,blue,boundary_sample,-0.5817441659548436,0.07697611532689953,419.9080047607422,63.23599815368652,2.2559967041015625
188,,blue,boundary_sample,-0.5915119212044555,0.07703279257873023,418.25999450683594,63.20100021362305,2.2559967041015625
189,,blue,boundary_sample,-0.6015848170619355,0.07711457597819187,416.5605010986328,63.15049934387207,2.2555084228515625
190,,blue,boundary_sample,-0.6119333704691434,0.07720931400156641,414.8144989013672,63.09199905395508,2.2555084228515625
191,,blue,boundary_sample,-0.6225604754685962,0.07729190667891674,413.02149963378906,63.040998458862305,2.2555084228515625
192,,blue,boundary_sample,-0.6334869329908834,0.07736154164350725,411.17799377441406,62.99799919128418,2.2559967041015625
193,,blue,boundary_sample,-0.6447748745112883,0.07746275388999134,409.27349853515625,62.93550109863281,2.25750732421875
194,,blue,boundary_sample,-0.6563858635276342,0.07755749191336588,407.3144989013672,62.87700080871582,2.2555084228515625
195,,blue,boundary_sample,-0.6683554424995809,0.07764008459071621,405.2949981689453,62.82600021362305,2.2559967041015625
196,,blue,boundary_sample,-0.6806717639405752,0.07770971955530671,403.2169952392578,62.78300094604492,2.2559967041015625
197,,blue,boundary_sample,-0.6934296077430431,0.0777979802667248,401.0644989013672,62.72850036621094,2.2555084228515625
198,,blue,boundary_sample,-0.7065786899182549,0.07787328326538308,398.8459930419922,62.6820011138916,2.2559967041015625
199,,blue,boundary_sample,-0.72024037937426,0.07796883365549322,396.54100036621094,62.62299919128418,2.2559967041015625
200,,blue,boundary_sample,-0.7343643921223284,0.07806357167886775,394.1580047607422,62.56449890136719,2.2559967041015625
201,,blue,boundary_sample,-0.74897152909305,0.07814292106696949,391.69349670410156,62.51550102233887,2.2555084228515625
202,,blue,boundary_sample,-0.7641594642213677,0.07824737660270217,389.13099670410156,62.45100021362305,2.2559967041015625
203,,blue,boundary_sample,-0.7799253034647646,0.07833563731412026,386.4709930419922,62.39649963378906,2.2559967041015625
204,,blue,boundary_sample,-0.7962482458926511,0.07839879496675431,383.7169952392578,62.357500076293945,2.2559967041015625
205,,blue,boundary_sample,-0.8133357581779522,0.07850973090329035,380.83399963378906,62.288997650146484,2.2559967041015625
206,,blue,boundary_sample,-0.831093060428242,0.07859556069219545,377.83799743652344,62.23599815368652,2.2559967041015625
207,,blue,boundary_sample,-0.8495912375628399,0.07868300594803103,374.7169952392578,62.1820011138916,2.2559967041015625
208,,blue,boundary_sample,-0.8688776795279591,0.07874049865544423,371.46299743652344,62.14649963378906,2.2559967041015625
209,,blue,boundary_sample,-0.8891361580234182,0.07885466861468814,368.0449981689453,62.07600021362305,2.2559967041015625
210,,blue,boundary_sample,-0.9102747871993078,0.0789307808912351,364.47850036621094,62.029001235961914,2.2555084228515625
211,,blue,boundary_sample,-0.9324328428517504,0.07900608697874027,360.74000549316406,61.982500076293945,2.2559967041015625
212,,blue,boundary_sample,-0.9556756218150319,0.07906924772022124,356.81849670410156,61.943498611450195,2.2555084228515625
213,,blue,boundary_sample,-0.9801244929972018,0.07914535999676821,352.69349670410156,61.89649963378906,2.2555084228515625
214,,blue,boundary_sample,-1.0058476472750628,0.07919960941493283,348.35350036621094,61.86300086975098,2.2555084228515625
215,,blue,boundary_sample,-1.032960665471631,0.07925305264405565,343.7790069580078,61.829999923706055,2.2559967041015625
216,,blue,boundary_sample,-1.0615999293405118,0.07929677836082034,338.94700622558594,61.80299949645996,2.2559967041015625
217,,blue,boundary_sample,-1.0919047146778276,0.07932269069749306,333.83399963378906,61.7869987487793,2.2559967041015625
218,,blue,boundary_sample,-1.1239224114297912,0.07930649278433158,328.43199157714844,61.797000885009766,2.2559967041015625
219,,blue,boundary_sample,-1.1579581602042712,0.07928462992594923,322.6894989013672,61.81050109863281,2.2555084228515625
220,,blue,boundary_sample,-1.1942373345622654,0.07926600417912166,316.56849670410156,61.82200241088867,2.2555084228515625
221,,blue,boundary_sample,-1.232774676032844,0.07917045996670533,310.0664978027344,61.88100051879883,2.25750732421875
222,,blue,boundary_sample,-1.2739524695447142,0.07904414775028411,303.11900329589844,61.95899772644043,2.2559967041015625
223,,blue,boundary_sample,-1.317918944338035,0.07882875936686232,295.7010040283203,62.09199905395508,2.2559967041015625
224,,blue,boundary_sample,-1.3650089953953006,0.07853806798478224,287.75599670410156,62.27149963378906,2.2559967041015625
225,,blue,boundary_sample,-1.4156788866070549,0.07817774163811166,279.2070007324219,62.49399948120117,2.25799560546875
226,,blue,boundary_sample,-1.4701213431171527,0.07767733299552444,270.02149963378906,62.80299949645996,2.2555084228515625
227,,blue,boundary_sample,-1.5288816206235305,0.07703926680183978,260.1074981689453,63.19700241088867,2.2555084228515625
228,,blue,boundary_sample,-1.5925524099897521,0.07626031830089053,249.36499786376953,63.67799949645996,2.2560043334960938
229,,blue,boundary_sample,-1.6613826440916788,0.0752173907658819,237.7519989013672,64.32200241088867,2.2559967041015625
230,,blue,boundary_sample,-1.7355412626612305,0.0737558410765946,225.23999786376953,65.22450256347656,2.2560043334960938
231,,blue,boundary_sample,-1.8165721921617213,0.07202546286360956,211.5685043334961,66.29300308227539,2.2555007934570312
232,,blue,boundary_sample,-1.9044844312566018,0.06976391418172624,196.73600006103516,67.68949890136719,2.2560043334960938
233,,blue,boundary_sample,-1.99993877124741,0.06685701271631313,180.63099670410156,69.4844970703125,2.2559967041015625
234,,blue,boundary_sample,-2.1030477632564017,0.06302701553150923,163.23450469970703,71.84950256347656,2.2574996948242188
235,,blue,boundary_sample,-2.2139152762782826,0.05800754664805814,144.52899932861328,74.94900131225586,2.2560043334960938
236,,blue,boundary_sample,-2.3319899952135965,0.0514188323391854,124.60749816894531,79.01750183105469,2.2555007934570312
237,,blue,boundary_sample,-2.4532860095672127,0.04238476442459493,104.14250183105469,84.59599685668945,2.2555007934570312
238,,blue,boundary_sample,-2.5501657785460945,0.026949821159021982,87.79700088500977,94.12700271606445,2.2579994201660156
239,,blue,boundary_sample,-2.595092442383202,0.0025690706902766433,80.21699905395508,109.18200302124023,2.256000518798828
240,,blue,boundary_sample,-2.6353071075893544,-0.023392255094332064,73.43200302124023,125.2130012512207,2.256000518798828
241,,blue,boundary_sample,-2.6718204054650188,-0.05066371529302284,67.27149963378906,142.0530014038086,2.2555007934570312
242,,blue,boundary_sample,-2.7064903791351202,-0.07894650721174724,61.422000885009766,159.51749420166016,2.2579994201660156
243,,blue,boundary_sample,-2.738176120166521,-0.10826091221927309,56.07600021362305,177.61900329589844,2.256000518798828
244,,blue,boundary_sample,-2.7668153840354015,-0.1385056655587189,51.24399948120117,196.2949981689453,2.256000518798828
245,,blue,boundary_sample,-2.7942959117170463,-0.1694840323931126,46.607500076293945,215.4239959716797,2.2554988861083984
246,,blue,boundary_sample,-2.8191863391752507,-0.20121463229158798,42.40800094604492,235.01749420166016,2.256000518798828
247,,blue,boundary_sample,-2.839907140962773,-0.23363513232363414,38.9119987487793,255.03700256347656,2.256000518798828
248,,blue,boundary_sample,-2.8559040966327873,-0.26662162030687386,36.2130012512207,275.406005859375,2.256000518798828
249,,blue,boundary_sample,-2.863567713399861,-0.30000081193002576,34.920000076293945,296.0175018310547,2.2559986114501953
250,,blue,boundary_sample,-2.8818702883053673,-0.33369904437213715,31.83199977874756,316.8260040283203,2.258000373840332
251,,blue,boundary_sample,-2.8897531966222125,-0.36761265593112974,30.501999855041504,337.7675018310547,2.2559995651245117
252,,blue,boundary_sample,-2.897369389528512,-0.4017351723838938,29.217000007629395,358.83799743652344,2.2559995651245117
253,,blue,boundary_sample,-2.901953925935337,-0.43592653305644113,28.44349956512451,379.9510040283203,2.255499839782715
254,,blue,boundary_sample,-2.899941707217269,-0.46986525076306457,28.782999992370605,400.9080047607422,2.2559995651245117
255,,blue,boundary_sample,-2.883292766726657,-0.5026978647489639,31.592000007629395,421.18199157714844,2.2559995651245117
256,,blue,boundary_sample,-2.8481041772460833,-0.533542645132479,37.52899932861328,440.22850036621094,2.256000518798828
257,,blue,boundary_sample,-2.7976298486964333,-0.5620222089543382,46.045000076293945,457.8144989013672,2.2559986114501953
258,,blue,boundary_sample,-2.7332211576223955,-0.5877244299053012,56.9119987487793,473.6855010986328,2.256000518798828
259,,blue,boundary_sample,-2.657234069424887,-0.6104217711670747,69.73249816894531,487.7010040283203,2.2555007934570312
260,,blue,boundary_sample,-2.5681423723461556,-0.6294502542093017,84.76399993896484,499.4510040283203,2.2559967041015625
261,,blue,boundary_sample,-2.4713100159231938,-0.6451264734841938,101.10150146484375,509.13099670410156,2.2574996948242188
262,,blue,boundary_sample,-2.3743828569980985,-0.6584042896263003,117.45499801635742,517.3299865722656,2.256000518798828
263,,blue,boundary_sample,-2.2770970628979885,-0.6692343799282671,133.86900329589844,524.0175170898438,2.2559967041015625
264,,blue,boundary_sample,-2.1799476279417767,-0.6776951516798905,150.26000213623047,529.2420043945312,2.2560043334960938
265,,blue,boundary_sample,-2.0826855966438944,-0.6837210719052679,166.6699981689453,532.9629821777344,2.2559967041015625
266,,blue,boundary_sample,-1.9895665228670953,-0.6882247589550934,182.38099670410156,535.7439880371094,2.2559967041015625
267,,blue,boundary_sample,-1.9037435563722938,-0.6920838901438903,196.86100006103516,538.1269836425781,2.2560043334960938
268,,blue,boundary_sample,-1.8239127953474146,-0.6952661437776612,210.3300018310547,540.0920104980469,2.2559967041015625
269,,blue,boundary_sample,-1.75077364847383,-0.6981698081315195,222.6699981689453,541.885009765625,2.2559967041015625
270,,blue,boundary_sample,-1.6829391458753498,-0.7006807194239152,234.11499786376953,543.4354858398438,2.2560043334960938
271,,blue,boundary_sample,-1.6202196373282929,-0.7029487732173771,244.6969985961914,544.8359985351562,2.2560043334960938
272,,blue,boundary_sample,-1.5618031630290314,-0.704938287152477,254.55299377441406,546.0645141601562,2.2559967041015625
273,,blue,boundary_sample,-1.5075355247747158,-0.7067480054870231,263.70899963378906,547.1820068359375,2.2559967041015625
274,,blue,boundary_sample,-1.4565307385804673,-0.7082719189952902,272.3144989013672,548.1230163574219,2.2555084228515625
275,,blue,boundary_sample,-1.4095562683462175,-0.7098783664928165,280.24000549316406,549.114990234375,2.2559967041015625
276,,blue,boundary_sample,-1.3651719661645296,-0.7112322204459696,287.72850036621094,549.9509887695312,2.2555084228515625
277,,blue,boundary_sample,-1.3235910867933622,-0.7125034909883129,294.74400329589844,550.7359924316406,2.2559967041015625
278,,blue,boundary_sample,-1.2844402987480446,-0.7136743863616829,301.34950256347656,551.4590148925781,2.2555084228515625
279,,blue,boundary_sample,-1.247441050436332,-0.7147083840402938,307.5919952392578,552.0975036621094,2.2559967041015625
280,,blue,boundary_sample,-1.2126673208200607,-0.7157302734390433,313.45899963378906,552.728515625,2.2559967041015625
281,,blue,boundary_sample,-1.1798021218048091,-0.7167075845992827,319.0039978027344,553.3320007324219,2.25799560546875
282,,blue,boundary_sample,-1.1486261392310995,-0.7175998906927403,324.2639923095703,553.8829956054688,2.2559967041015625
283,,blue,boundary_sample,-1.1188547621051668,-0.7183618721576491,329.28700256347656,554.353515625,2.2559967041015625
284,,blue,boundary_sample,-1.0907697073782587,-0.7191650711956371,334.02549743652344,554.8494873046875,2.2555084228515625
285,,blue,boundary_sample,-1.0639115458008288,-0.719863891919065,338.55699157714844,555.281005859375,2.2559967041015625
286,,blue,boundary_sample,-1.038004619823149,-0.7203740211628572,342.92799377441406,555.5960083007812,2.2559967041015625
287,,blue,boundary_sample,-1.013718719410208,-0.721069580063955,347.02549743652344,556.0255126953125,2.2555084228515625
288,,blue,boundary_sample,-0.99045224547382,-0.7217051906243515,350.9510040283203,556.4179992675781,2.2559967041015625
289,,blue,boundary_sample,-0.9680185322716495,-0.7222201631800883,354.7360076904297,556.7359924316406,2.2559967041015625
290,,blue,boundary_sample,-0.9465776565304086,-0.7227400284693201,358.35350036621094,557.0570068359375,2.2555084228515625
291,,blue,boundary_sample,-0.926019825512115,-0.7232266330550959,361.82200622558594,557.3574829101562,2.2559967041015625
292,,blue,boundary_sample,-0.9062710602549324,-0.7237011787825609,365.1540069580078,557.6505126953125,2.2559967041015625
293,,blue,boundary_sample,-0.8873076657857543,-0.724153781341624,368.35350036621094,557.9299926757812,2.2555084228515625
294,,blue,boundary_sample,-0.8689724594203853,-0.7245424818359494,371.44700622558594,558.1700134277344,2.2559967041015625
295,,blue,boundary_sample,-0.8513752338968076,-0.7249473431772733,374.41600036621094,558.4200134277344,2.2559967041015625
296,,blue,boundary_sample,-0.8341839882750438,-0.7251877790202349,377.3164978027344,558.5684814453125,2.25750732421875
297,,blue,boundary_sample,-0.8178728933337106,-0.7256080598853006,380.06849670410156,558.8280029296875,2.2555084228515625
298,,blue,boundary_sample,-0.8021070540903137,-0.7259910769013237,382.72850036621094,559.0645141601562,2.2555084228515625
299,,blue,boundary_sample,-0.7867116522890709,-0.7262752508164376,385.3260040283203,559.239990234375,2.2559967041015625
300,,blue,boundary_sample,-0.7718941546029073,-0.7265797369887883,387.8260040283203,559.4280090332031,2.2559967041015625
301,,blue,boundary_sample,-0.7575389802088072,-0.7268890170515331,390.2480010986328,559.6189880371094,2.2559967041015625
302,,blue,boundary_sample,-0.7435779382299675,-0.7271425001838147,392.60350036621094,559.7755126953125,2.2555084228515625
303,,blue,boundary_sample,-0.7300910670297447,-0.7274201998758191,394.8789978027344,559.9469909667969,2.25799560546875
304,,blue,boundary_sample,-0.7169746332716759,-0.7276801078096597,397.0919952392578,560.1074829101562,2.2559967041015625
305,,blue,boundary_sample,-0.7042552259713846,-0.7279392744202435,399.2380065917969,560.2675170898438,2.25799560546875
306,,blue,boundary_sample,-0.6918322771514109,-0.7281360216126033,401.33399963378906,560.3890075683594,2.2559967041015625
307,,blue,boundary_sample,-0.6796997274102353,-0.7282906616439757,403.38099670410156,560.4844970703125,2.2559967041015625
308,,blue,boundary_sample,-0.6678931192075175,-0.7284518253200081,405.3730010986328,560.5840148925781,2.2559967041015625
309,,blue,boundary_sample,-0.6564422069178837,-0.7286291004214887,407.30499267578125,560.6934814453125,2.25799560546875
310,,blue,boundary_sample,-0.6453883210860274,-0.7288979536559617,409.1699981689453,560.8594970703125,2.2559967041015625
311,,blue,boundary_sample,-0.6345300544405429,-0.7291028059825959,411.0019989013672,560.9859924316406,2.2559967041015625
312,,blue,boundary_sample,-0.6238792544679836,-0.7292299676319155,412.7989959716797,561.0645141601562,2.2559967041015625
313,,blue,boundary_sample,-0.6134151202377598,-0.7292931283733965,414.5644989013672,561.103515625,2.2555084228515625
314,,blue,boundary_sample,-0.6033659193533863,-0.7295465620841276,416.25999450683594,561.260009765625,2.2559967041015625
315,,blue,boundary_sample,-0.5935270791844548,-0.7297554669778992,417.9199981689453,561.3890075683594,2.2559967041015625
316,,blue,boundary_sample,-0.5837356289617365,-0.729792730826942,419.57200622558594,561.4120178222656,2.2559967041015625
317,,blue,boundary_sample,-0.5743680655289047,-0.7300550109952044,421.1524963378906,561.573974609375,2.25750732421875
318,,blue,boundary_sample,-0.5650715870153927,-0.7301789602437445,422.7209930419922,561.6505126953125,2.2559967041015625
319,,blue,boundary_sample,-0.555997316703876,-0.7303303384527869,424.2519989013672,561.7439880371094,2.2559967041015625
320,,blue,boundary_sample,-0.5469675422960554,-0.7302987580820465,425.77549743652344,561.7244873046875,2.2555084228515625
321,,blue,boundary_sample,-0.538355595276602,-0.7305959298649298,427.22850036621094,561.9079895019531,2.2555084228515625
322,,blue,boundary_sample,-0.529788144160845,-0.7307101430680304,428.6739959716797,561.978515625,2.2559967041015625
323,,blue,boundary_sample,-0.5213154729375139,-0.73075467188499,430.10350036621094,562.0060119628906,2.2555084228515625
324,,blue,boundary_sample,-0.5130502683871081,-0.7308647336778523,431.4980010986328,562.073974609375,2.2559967041015625
325,,blue,boundary_sample,-0.5049006446597182,-0.7309571025556519,432.8730010986328,562.1310119628906,2.2559967041015625
326,,blue,boundary_sample,-0.4969466401187001,-0.7310963724848331,434.2149963378906,562.2170104980469,2.25799560546875
327,,blue,boundary_sample,-0.4891111104432147,-0.7311967476538063,435.53700256347656,562.2789916992188,2.2559967041015625
328,,blue,boundary_sample,-0.4813527250885685,-0.7312793310646158,436.8459930419922,562.3299865722656,2.2559967041015625
329,,blue,boundary_sample,-0.47376020454566814,-0.7313870206230565,438.1269989013672,562.396484375,2.2559967041015625
330,,blue,boundary_sample,-0.4662714173392303,-0.7314631298107565,439.3905029296875,562.4434814453125,2.25750732421875
331,,blue,boundary_sample,-0.45887162194018494,-0.7315319740305397,440.6389923095703,562.4859924316406,2.2559967041015625
332,,blue,boundary_sample,-0.4516287379088489,-0.7316340295322284,441.8610076904297,562.5490112304688,2.2559967041015625
333,,blue,boundary_sample,-0.4444511507117988,-0.7317157727766803,443.07200622558594,562.5994873046875,2.2559967041015625
334,,blue,boundary_sample,-0.43738625029524775,-0.7317951437867104,444.2639923095703,562.6484985351562,2.2559967041015625
335,,blue,boundary_sample,-0.4303953288405331,-0.7318615663505214,445.44349670410156,562.6895141601562,2.2555084228515625
336,,blue,boundary_sample,-0.42351998820883435,-0.7319692559089619,446.60350036621094,562.7560119628906,2.2555084228515625
337,,blue,boundary_sample,-0.41671283845393836,-0.7320194682042238,447.7519989013672,562.7870178222656,2.2559967041015625
338,,blue,boundary_sample,-0.4099649261318087,-0.7320129445595638,448.8905029296875,562.7829895019531,2.25750732421875
339,,blue,boundary_sample,-0.40332970059017803,-0.7321174217172248,450.00999450683594,562.8475036621094,2.2559967041015625
340,,blue,boundary_sample,-0.39673291155072404,-0.7320825795241543,451.1230010986328,562.8259887695312,2.2559967041015625
341,,blue,boundary_sample,-0.39029619923798214,-0.7322850101948163,452.20899963378906,562.9509887695312,2.2559967041015625
342,,blue,boundary_sample,-0.3838831818983468,-0.7323392750572154,453.29100036621094,562.9844970703125,2.2559967041015625
343,,blue,boundary_sample,-0.37745831707215816,-0.7322599040471853,454.375,562.9354858398438,2.25799560546875
344,,blue,boundary_sample,-0.37114903306898533,-0.7322599040471853,455.4394989013672,562.9354858398438,2.2555084228515625
345,,blue,boundary_sample,-0.3649908723484882,-0.7325133871794669,456.47850036621094,563.0920104980469,2.2555084228515625
346,,blue,boundary_sample,-0.35880901665488457,-0.7325384439055475,457.52149963378906,563.1074829101562,2.2555084228515625
347,,blue,boundary_sample,-0.35267165686497715,-0.7325830221440575,458.55699157714844,563.135009765625,2.2559967041015625
348,,blue,boundary_sample,-0.34660827603690614,-0.7326081282916884,459.5800018310547,563.1505126953125,2.2559967041015625
349,,blue,boundary_sample,-0.34059834455656784,-0.732715817850129,460.593994140625,563.2170104980469,2.25799560546875
350,,blue,boundary_sample,-0.3346386970649594,-0.7327724549469499,461.59950256347656,563.2519836425781,2.2555084228515625
351,,blue,boundary_sample,-0.3286880030173875,-0.732791927037829,462.60350036621094,563.2640075683594,2.2555084228515625
352,,blue,boundary_sample,-0.32280549984661827,-0.7328421393330908,463.5959930419922,563.2950134277344,2.2559967041015625
353,,blue,boundary_sample,-0.31697328066457897,-0.7329053000745718,464.5800018310547,563.3340148925781,2.2559967041015625
354,,blue,boundary_sample,-0.3111381674400229,-0.7328858279836927,465.5644989013672,563.3219909667969,2.2555084228515625
355,,blue,boundary_sample,-0.3053978341078929,-0.7330000411867933,466.5330047607422,563.3925170898438,2.2559967041015625
356,,blue,boundary_sample,-0.2996546067332461,-0.7330218855120941,467.5019989013672,563.406005859375,2.2559967041015625
357,,blue,boundary_sample,-0.2939469218182591,-0.7330639926730815,468.4649963378906,563.4320068359375,2.25799560546875
358,,blue,boundary_sample,-0.2882866268494852,-0.7331327874713143,469.4199981689453,563.4744873046875,2.2559967041015625
359,,blue,boundary_sample,-0.282614484394158,-0.7331012071005738,470.3769989013672,563.4549865722656,2.2559967041015625
360,,blue,boundary_sample,-0.2769897318850439,-0.7331206791914529,471.3260040283203,563.4670104980469,2.2559967041015625
361,,blue,boundary_sample,-0.27139762779307275,-0.7331546317966152,472.2695007324219,563.4879760742188,2.25750732421875
362,,blue,boundary_sample,-0.2655980570281764,-0.7316493996344199,473.2480010986328,562.5585021972656,2.2559967041015625
363,,blue,boundary_sample,-0.2600414953958651,-0.7315481842990889,474.1855010986328,562.4960021972656,2.2555084228515625
364,,blue,boundary_sample,-0.25455601868287336,-0.7318866230766019,475.1110076904297,562.7049865722656,2.2559967041015625
365,,blue,boundary_sample,-0.23809090641634764,-0.7318550427058613,477.8889923095703,562.6854858398438,2.2559967041015625
366,,blue,boundary_sample,-0.23261727718990918,-0.7317732994614095,478.8125,562.635009765625,2.25750732421875
367,,blue,boundary_sample,-0.22716444889406043,-0.7318931467212618,479.7324981689453,562.7090148925781,2.2555084228515625
368,,blue,boundary_sample,-0.2217353155713182,-0.7320324166504429,480.64849853515625,562.7950134277344,2.25750732421875
369,,blue,boundary_sample,-0.21629433476202273,-0.7319757301320715,481.5664978027344,562.760009765625,2.25750732421875
370,,blue,boundary_sample,-0.2108652014392805,-0.7319757301320715,482.4824981689453,562.760009765625,2.2555084228515625
371,,blue,boundary_sample,-0.205424220629985,-0.7319943126350424,483.40049743652344,562.771484375,2.2555084228515625
372,,blue,boundary_sample,-0.20000693479379605,-0.731906095167481,484.3144989013672,562.7170104980469,2.2555084228515625
373,,blue,boundary_sample,-0.19456595398450055,-0.7317603015936399,485.2324981689453,562.6269836425781,2.2555084228515625
374,,blue,boundary_sample,-0.1891486681483116,-0.7319433095949732,486.14649963378906,562.739990234375,2.2555084228515625
375,,blue,boundary_sample,-0.18370768733901613,-0.7321150000612525,487.0644989013672,562.8460083007812,2.2555084228515625
376,,blue,boundary_sample,-0.17826670652972063,-0.7318299859797809,487.9824981689453,562.6700134277344,2.2555084228515625
377,,blue,boundary_sample,-0.17282572572042515,-0.7319311518935614,488.90049743652344,562.7324829101562,2.2555084228515625
378,,blue,boundary_sample,-0.16736394398053994,-0.7319878878334833,489.82200622558594,562.7675170898438,2.2559967041015625
379,,blue,boundary_sample,-0.1618992681981379,-0.7319497838180828,490.74400329589844,562.7439880371094,2.2559967041015625
380,,blue,boundary_sample,-0.1564345924157359,-0.7319214652696724,491.66600036621094,562.7265014648438,2.2559967041015625
381,,blue,boundary_sample,-0.1509580691467806,-0.7317732994614095,492.5899963378906,562.635009765625,2.25799560546875
382,,blue,boundary_sample,-0.1453925540704328,-0.732247795767324,493.5290069580078,562.9280090332031,2.2559967041015625
383,,blue,boundary_sample,-0.13997237419172703,-0.7315514461214189,494.44349670410156,562.4980163574219,2.2555084228515625
384,,blue,boundary_sample,-0.13436842261320261,-0.7318834106758223,495.3889923095703,562.7030029296875,2.2559967041015625
385,,blue,boundary_sample,-0.12853620343116334,-0.7335376488126383,496.3730010986328,563.7244873046875,2.2559967041015625
386,,blue,boundary_sample,-0.12292040436608566,-0.7335887012742578,497.32049560546875,563.7560119628906,2.25750732421875
387,,blue,boundary_sample,-0.1173074993435248,-0.7335125920865577,498.2675018310547,563.7090148925781,2.2555084228515625
388,,blue,boundary_sample,-0.1116353568881976,-0.7335222787104468,499.22450256347656,563.7149963378906,2.2555084228515625
389,,blue,boundary_sample,-0.1059603203903536,-0.7334744880711573,500.18199157714844,563.6854858398438,2.2559967041015625
390,,blue,boundary_sample,-0.10021998705822362,-0.7335627549602691,501.15049743652344,563.739990234375,2.2555084228515625
391,,blue,boundary_sample,-0.09447965372609364,-0.7335562807371596,502.11900329589844,563.7359924316406,2.2559967041015625
392,,blue,boundary_sample,-0.08868903640523378,-0.7335222787104468,503.0959930419922,563.7149963378906,2.2559967041015625
393,,blue,boundary_sample,-0.08285681722319449,-0.7335692291833787,504.0800018310547,563.7439880371094,2.2559967041015625
394,,blue,boundary_sample,-0.07757591314061109,-0.7314688132890588,504.9709930419922,562.4469909667969,2.2559967041015625
395,,blue,boundary_sample,-0.07109470492417294,-0.7335222787104468,506.0644989013672,563.7149963378906,2.2555084228515625
396,,blue,boundary_sample,-0.06513216339004771,-0.7335376488126383,507.07049560546875,563.7244873046875,2.25750732421875
397,,blue,boundary_sample,-0.05918436338499257,-0.733399219049815,508.0740051269531,563.6390075683594,2.25799560546875
398,,blue,boundary_sample,-0.053106241027851483,-0.7334995942187882,509.09950256347656,563.7009887695312,2.2555084228515625
399,,blue,boundary_sample,-0.04699248577222195,-0.7334963323964582,510.1310119628906,563.698974609375,2.256011962890625
400,,blue,boundary_sample,-0.040858110463659995,-0.7334623797912959,511.16600036621094,563.6780090332031,2.2559967041015625
401,,blue,boundary_sample,-0.03467616433122768,-0.7334049025281172,512.2090148925781,563.6425170898438,2.256011962890625
402,,blue,boundary_sample,-0.028402513226543347,-0.7334016407057872,513.2675018310547,563.6405029296875,2.2555084228515625
403,,blue,boundary_sample,-0.022105167148752478,-0.7333384799643062,514.3299865722656,563.6015014648438,2.256011962890625
404,,blue,boundary_sample,-0.015715844782223643,-0.7333231098621149,515.4079895019531,563.5920104980469,2.256011962890625
405,,blue,boundary_sample,-0.009255256618717898,-0.7332906893250166,516.4980163574219,563.5719909667969,2.256011962890625
406,,blue,boundary_sample,-0.002726839333723977,-0.7332631615214135,517.5994873046875,563.5549926757812,2.2554931640625
407,,blue,boundary_sample,0.003884781673628772,-0.7332785810451553,518.7149963378906,563.5645141601562,2.258026123046875
408,,blue,boundary_sample,0.010540717707020463,-0.7332186327044539,519.8379821777344,563.5274963378906,2.256011962890625
409,,blue,boundary_sample,0.017300658393360688,-0.7331967883791529,520.978515625,563.5140075683594,2.2554931640625
410,,blue,boundary_sample,0.024107627270599383,-0.7330825751760525,522.1269836425781,563.4434814453125,2.256011962890625
411,,blue,boundary_sample,0.031077928672381603,-0.7331206791914529,523.3030090332031,563.4670104980469,2.256011962890625
412,,blue,boundary_sample,0.03804515515398969,-0.7329878834853815,524.478515625,563.385009765625,2.2554931640625
413,,blue,boundary_sample,0.045154551474237,-0.7329619371713928,525.6780090332031,563.3689880371094,2.256011962890625
414,,blue,boundary_sample,0.05236469664960141,-0.7329117248761309,526.8945007324219,563.3379821777344,2.257476806640625
415,,blue,boundary_sample,0.05964610762194273,-0.7328161930191022,528.1230163574219,563.2789916992188,2.256011962890625
416,,blue,boundary_sample,0.06710224641123759,-0.7328161930191022,529.3810119628906,563.2789916992188,2.256011962890625
417,,blue,boundary_sample,0.0746027002265714,-0.7327092942054689,530.646484375,563.2129821777344,2.2554931640625
418,,blue,boundary_sample,0.08226648656644872,-0.7326647653885093,531.9395141601562,563.1854858398438,2.2554931640625
419,,blue,boundary_sample,0.08999810202781422,-0.7325506016069593,533.2439880371094,563.114990234375,2.256011962890625
420,,blue,boundary_sample,0.09790480706144787,-0.7324841790431482,534.5780029296875,563.073974609375,2.25799560546875
421,,blue,boundary_sample,0.1059299869606142,-0.7323991739763663,535.9320068359375,563.021484375,2.2559814453125
422,,blue,boundary_sample,0.11407961068800417,-0.7323044328641449,537.3070068359375,562.9629821777344,2.2559814453125
423,,blue,boundary_sample,0.12243670108831929,-0.7322542699904335,538.7170104980469,562.9320068359375,2.256011962890625
424,,blue,boundary_sample,0.13088567733854375,-0.7321522144887448,540.1425170898438,562.8689880371094,2.2554931640625
425,,blue,boundary_sample,0.13952113845344635,-0.7320736836450725,541.5994873046875,562.8204956054688,2.2554931640625
426,,blue,boundary_sample,0.14829605624212863,-0.7319595198635224,543.0799865722656,562.75,2.256011962890625
427,,blue,boundary_sample,0.15722218775231525,-0.7318073014881222,544.5859985351562,562.656005859375,2.25799560546875
428,,blue,boundary_sample,0.16637948090853355,-0.7317222964213403,546.1310119628906,562.603515625,2.256011962890625
429,,blue,boundary_sample,0.1756847319884247,-0.731557870922978,547.7009887695312,562.5019836425781,2.2559814453125
430,,blue,boundary_sample,0.18524809548528556,-0.7314752875121683,549.3145141601562,562.4509887695312,2.2554931640625
431,,blue,boundary_sample,0.19494747898043738,-0.7313109114353564,550.9509887695312,562.3494873046875,2.2559814453125
432,,blue,boundary_sample,0.20490497489255885,-0.7311692692717535,552.6310119628906,562.2620239257812,2.256011962890625
433,,blue,boundary_sample,0.21509037665288058,-0.731033211743352,554.3494873046875,562.1780090332031,2.2554931640625
434,,blue,boundary_sample,0.22544200498026268,-0.7308243068495806,556.0960083007812,562.0490112304688,2.2559814453125
435,,blue,boundary_sample,0.23600978210812043,-0.7305651896605471,557.8789978027344,561.8890075683594,2.258026123046875
436,,blue,boundary_sample,0.24701618755493507,-0.730469608381968,559.7359924316406,561.8299865722656,2.256011962890625
437,,blue,boundary_sample,0.2581649437180462,-0.7302485457867846,561.6170043945312,561.6934814453125,2.25799560546875
438,,blue,boundary_sample,0.26963964141961516,-0.7300461151161226,563.5530090332031,561.5684814453125,2.256011962890625
439,,blue,boundary_sample,0.28142237377156915,-0.7298307359992415,565.5409851074219,561.4354858398438,2.256011962890625
440,,blue,boundary_sample,0.2935075335665317,-0.729603248602499,567.5799865722656,561.2950134277344,2.256011962890625
441,,blue,boundary_sample,0.3058831828791209,-0.729324708744137,569.6679992675781,561.1230163574219,2.258026123046875
442,,blue,boundary_sample,0.31860557466075773,-0.7290339617628127,571.8145141601562,560.9434814453125,2.2554931640625
443,,blue,boundary_sample,0.3317101609322733,-0.7287238415337102,574.0255126953125,560.7519836425781,2.2554931640625
444,,blue,boundary_sample,0.34523257459215595,-0.7284323532291289,576.3070068359375,560.5719909667969,2.2559814453125
445,,blue,boundary_sample,0.3591225316516759,-0.7280971268523955,578.6505126953125,560.364990234375,2.2554931640625
446,,blue,boundary_sample,0.37338582019586675,-0.7276987397341811,581.0570068359375,560.1189880371094,2.2559814453125
447,,blue,boundary_sample,0.38820331788203033,-0.7273449308544767,583.5570068359375,559.9005126953125,2.2559814453125
448,,blue,boundary_sample,0.4034238109886623,-0.7269335458684927,586.125,559.646484375,2.25799560546875
449,,blue,boundary_sample,0.4192251022528904,-0.7265352081718287,588.7909851074219,559.4005126953125,2.256011962890625
450,,blue,boundary_sample,0.4354532647883507,-0.7260420799413929,591.5289916992188,559.0960083007812,2.2559814453125
451,,blue,boundary_sample,0.4522622254814071,-0.7255351630983802,594.364990234375,558.7829895019531,2.2559814453125
452,,blue,boundary_sample,0.46969955515593,-0.7249975060509847,597.3070068359375,558.4509887695312,2.2559814453125
453,,blue,boundary_sample,0.4877562099290542,-0.7244412170790678,600.353515625,558.1074829101562,2.2554931640625
454,,blue,boundary_sample,0.5065092436827904,-0.7238396085453842,603.5175170898438,557.7359924316406,2.2554931640625
455,,blue,boundary_sample,0.5259110855932682,-0.723163472313615,606.7909851074219,557.3184814453125,2.256011962890625
456,,blue,boundary_sample,0.5461221741425141,-0.722480071113929,610.2009887695312,556.896484375,2.2559814453125
457,,blue,boundary_sample,0.5670741375760683,-0.7217019288020216,613.7359924316406,556.4159851074219,2.256011962890625
458,,blue,boundary_sample,0.5888854507594633,-0.7208671493932931,617.4159851074219,555.9005126953125,2.256011962890625
459,,blue,boundary_sample,0.611597896431536,-0.7199691598215332,621.2480163574219,555.3460083007812,2.256011962890625
460,,blue,boundary_sample,0.6353058927293976,-0.7190136929865947,625.2480163574219,554.7560119628906,2.256011962890625
461,,blue,boundary_sample,0.659882101782308,-0.7179059583547056,629.3945007324219,554.0719909667969,2.257476806640625
462,,blue,boundary_sample,0.6857088989578031,-0.7167772195638733,633.7519836425781,553.375,2.256011962890625
463,,blue,boundary_sample,0.7125198514666772,-0.7154711068284595,638.2755126953125,552.5684814453125,2.2554931640625
464,,blue,boundary_sample,0.740673097070388,-0.7140986703723355,643.0255126953125,551.7210083007812,2.2554931640625
465,,blue,boundary_sample,0.7700530549459196,-0.7125609682514915,647.9824829101562,550.771484375,2.2554931640625
466,,blue,boundary_sample,0.8009151243453821,-0.7109164661601152,653.1895141601562,549.7560119628906,2.2554931640625
467,,blue,boundary_sample,0.8331668767858945,-0.709062169587059,658.6310119628906,548.6109924316406,2.256011962890625
468,,blue,boundary_sample,0.8668765031442593,-0.7069747021389582,664.3184814453125,547.3219909667969,2.2554931640625
469,,blue,boundary_sample,0.9023793505971142,-0.7047236987804032,670.3085021972656,545.9320068359375,2.257476806640625
470,,blue,boundary_sample,0.9394822418064608,-0.7021641566823601,676.5684814453125,544.3515014648438,2.2554931640625
471,,blue,boundary_sample,0.9782596983671076,-0.6992766531755004,683.1109924316406,542.5684814453125,2.256011962890625
472,,blue,boundary_sample,1.0188359832296205,-0.6960248139986895,689.9570007324219,540.5604858398438,2.258026123046875
473,,blue,boundary_sample,1.06138003612592,-0.6923940103729929,697.135009765625,538.3184814453125,2.2559814453125
474,,blue,boundary_sample,1.1055537967145088,-0.688206127030572,704.5879821777344,535.7324829101562,2.256011962890625
475,,blue,boundary_sample,1.1514880395416158,-0.6834490556915658,712.3379821777344,532.7950134277344,2.256011962890625
476,,blue,boundary_sample,1.1986493563958582,-0.677907318395992,720.2950134277344,529.3730163574219,2.256011962890625
477,,blue,boundary_sample,1.2470135096711579,-0.671530702848589,728.4549865722656,525.4354858398438,2.256011962890625
478,,blue,boundary_sample,1.295401538797221,-0.6639841309372745,736.6189880371094,520.7755126953125,2.256011962890625
479,,blue,boundary_sample,1.3431199588359533,-0.6551217102451066,744.6700134277344,515.3030090332031,2.256011962890625
480,,blue,boundary_sample,1.3906276564039286,-0.6450697869658224,752.6854858398438,509.0959930419922,2.2554931640625
481,,blue,boundary_sample,1.4396409795912843,-0.6341822688222274,760.9549865722656,502.3730010986328,2.256011962890625
482,,blue,boundary_sample,1.4904028470917765,-0.6224607125931607,769.5195007324219,495.13499450683594,2.257476806640625
483,,blue,boundary_sample,1.5428063602099398,-0.6098144791550888,778.3609924316406,487.3260040283203,2.256011962890625
484,,blue,boundary_sample,1.5964517793231372,-0.5961123542915545,787.4120178222656,478.86500549316406,2.256011962890625
485,,blue,boundary_sample,1.6508615874160921,-0.5812377278542605,796.5920104980469,469.67999267578125,2.256011962890625
486,,blue,boundary_sample,1.7055676731117073,-0.5650967236081181,805.8219909667969,459.71299743652344,2.256011962890625
487,,blue,boundary_sample,1.7598619003816465,-0.5475864705958561,814.9824829101562,448.90049743652344,2.2554931640625
488,,blue,boundary_sample,1.8126271688144133,-0.5285960421474794,823.885009765625,437.1739959716797,2.2559814453125
489,,blue,boundary_sample,1.863074670946515,-0.508106015593659,832.396484375,424.52149963378906,2.2554931640625
490,,blue,boundary_sample,1.9096342078349144,-0.4860532301929141,840.2519836425781,410.9040069580078,2.256011962890625
491,,blue,boundary_sample,1.9524658562063237,-0.46259716928856165,847.478515625,396.4199981689453,2.2554931640625
492,,blue,boundary_sample,1.9915245775240746,-0.4378747305753609,854.0684814453125,381.1540069580078,2.2554931640625
493,,blue,boundary_sample,2.0268644542077006,-0.4120275562169147,860.031005859375,365.19349670410156,2.25799560546875
494,,blue,boundary_sample,2.05892067790067,-0.38519901813109175,865.4395141601562,348.6269989013672,2.2554931640625
495,,blue,boundary_sample,2.0880220841839567,-0.35751622854566123,870.3494873046875,331.5330047607422,2.2554931640625
496,,blue,boundary_sample,2.113896452183322,-0.32907795642920673,874.7149963378906,313.9725036621094,2.258026123046875
497,,blue,boundary_sample,2.1370947352429073,-0.30000081193002576,878.6289978027344,296.0175018310547,2.258026123046875
