marker_index,f00_s3,f11_s3,pdf_path_index,pdf_x_pt,pdf_y_pt,pdf_radius_x_pt,pdf_radius_y_pt
0,2.1575030127808756,-0.27037055613632527,0,882.0719909667969,277.7209930419922,2.256011962890625,2.2559967041015625
1,2.175171515051563,-0.24029011181978133,1,885.0530090332031,259.14649963378906,2.256011962890625,2.2555084228515625
2,2.190670569356047,-0.20983070220958006,2,887.6679992675781,240.33799743652344,2.258026123046875,2.2559967041015625
3,2.2031618072331525,-0.1790984232556639,3,889.7755126953125,221.36100006103516,2.2554931640625,2.2560043334960938
4,2.2137207278997404,-0.14813942243363962,4,891.5570068359375,202.24400329589844,2.2559814453125,2.2559967041015625
5,2.2217280058733797,-0.11706057408460448,5,892.9079895019531,183.0530014038086,2.256011962890625,2.2560043334960938
6,2.227817979491362,-0.08588618131016987,6,893.9354858398438,163.8030014038086,2.2554931640625,2.2560043334960938
7,2.2313356903506847,-0.05474904011242988,7,894.5289916992188,144.5760040283203,2.2559814453125,2.2559967041015625
8,2.2328885260009974,-0.02366694846691636,8,894.7909851074219,125.38299942016602,2.256011962890625,2.2579994201660156
9,2.232044007695661,0.007238615184559293,9,894.6484985351562,106.29899978637695,2.25750732421875,2.256000518798828
10,2.2041573584759386,0.0344599299461551,10,889.9434814453125,89.4900016784668,2.2554931640625,2.256000518798828
11,2.0496850302404304,0.04184137620099802,11,863.8810119628906,84.93200302124023,2.256011962890625,2.256000518798828
12,1.8944714649059144,0.0452389856369719,12,837.6934814453125,82.83399963378906,2.2554931640625,2.2559967041015625
13,1.7556492239123407,0.04764873020958243,13,814.271484375,81.34599685668945,2.2554931640625,2.256000518798828
14,1.63291895455135,0.04964874450479776,14,793.5645141601562,80.11100006103516,2.2554931640625,2.2559967041015625
15,1.524045731104216,0.05138803482939633,15,775.1954956054688,79.0369987487793,2.25750732421875,2.256000518798828
16,1.4267005714121235,0.05289331359094487,16,758.771484375,78.10749816894531,2.2554931640625,2.2555007934570312
17,1.3391143100125555,0.0542026354681231,17,743.9939880371094,77.29899978637695,2.256011962890625,2.256000518798828
18,1.260003619131608,0.05537349638535836,18,730.646484375,76.57600021362305,2.2554931640625,2.256000518798828
19,1.1881387108151191,0.056410752020806844,19,718.521484375,75.93550109863281,2.2554931640625,2.2555007934570312
20,1.1225714237958857,0.057353272510548566,20,707.4590148925781,75.35350036621094,2.256011962890625,2.2555007934570312
21,1.0624449400802525,0.05818809702408514,21,697.3145141601562,74.8380012512207,2.2554931640625,2.256000518798828
22,1.007178461150671,0.058960576112745765,22,687.989990234375,74.36100006103516,2.2559814453125,2.2559967041015625
23,0.9560580624513129,0.05963102418305015,23,679.364990234375,73.94700241088867,2.2559814453125,2.256000518798828
24,0.907877470138039,0.05997273172230533,24,671.2359924316406,73.73600006103516,2.256011962890625,2.2559967041015625
25,0.864930395204631,0.06087638825367462,25,663.989990234375,73.17799758911133,2.2559814453125,2.256000518798828
26,0.8224248429063323,0.060857762465327314,26,656.8184814453125,73.18949890136719,2.2554931640625,2.2555007934570312
27,0.7857516942823883,0.06190797275356661,27,650.6310119628906,72.54100036621094,2.256011962890625,2.2559967041015625
28,0.749911126031,0.06235656081162665,28,644.5840148925781,72.26399993896484,2.256011962890625,2.2559967041015625
29,0.7162931838100184,0.0627938127762813,29,638.9120178222656,71.99399948120117,2.256011962890625,2.256000518798828
30,0.6846428299645874,0.06318247707083592,30,633.5719909667969,71.75400161743164,2.256011962890625,2.2579994201660156
31,0.6548716152654697,0.06357762795834733,31,628.5490112304688,71.5099983215332,2.2559814453125,2.256000518798828
32,0.6258707589862333,0.06356547640754164,32,623.656005859375,71.51750183105469,2.25799560546875,2.2555007934570312
33,0.6000349019159863,0.06426103068144252,33,619.2969970703125,71.0880012512207,2.25799560546875,2.256000518798828
34,0.5747384223540948,0.06456468354201797,34,615.0289916992188,70.90049743652344,2.2559814453125,2.2555007934570312
35,0.5507312395324979,0.06485537557209503,35,610.978515625,70.72099685668945,2.2554931640625,2.256000518798828
36,0.5271623235461611,0.0647735889014715,36,607.0019836425781,70.77149963378906,2.256011962890625,2.2555007934570312
37,0.5054222626862438,0.06503350977010315,37,603.3340148925781,70.61100006103516,2.256011962890625,2.2559967041015625
38,0.48421542949052254,0.06502702935485395,38,599.7560119628906,70.6150016784668,2.256011962890625,2.256000518798828
39,0.46449034698173913,0.0653080100286186,39,596.4280090332031,70.44149780273438,2.256011962890625,2.2574996948242188
40,0.4455712558134093,0.06555173294798104,40,593.2359924316406,70.29100036621094,2.256011962890625,2.2559967041015625
41,0.427375313967147,0.06573473517956052,41,590.1659851074219,70.17799758911133,2.256011962890625,2.256000518798828
42,0.4100329343146909,0.06597278696336649,42,587.239990234375,70.03100204467773,2.2559814453125,2.2579994201660156
43,0.3932476581919917,0.06611449121978785,43,584.4079895019531,69.94350051879883,2.256011962890625,2.2554969787597656
44,0.3775530750187842,0.0665323081164025,44,581.760009765625,69.68550109863281,2.2559814453125,2.2555007934570312
45,0.3620627028472311,0.06668372990684386,45,579.146484375,69.59199905395508,2.2554931640625,2.256000518798828
46,0.34775490953202565,0.067253771695885,46,576.7324829101562,69.2400016784668,2.2554931640625,2.256000518798828
47,0.3333791061755252,0.06740519348632637,47,574.3070068359375,69.14649963378906,2.2559814453125,2.2555007934570312
48,0.31900022789694493,0.06720276236441446,48,571.8810119628906,69.27149963378906,2.256011962890625,2.2555007934570312
49,0.3061385523481053,0.06773394019508316,49,569.7109985351562,68.94350051879883,2.25799560546875,2.2554969787597656
50,0.2926754582160053,0.06749345439449152,50,567.4395141601562,69.09199905395508,2.2554931640625,2.256000518798828
51,0.28017228240611963,0.06765863393970882,51,565.3299865722656,68.9900016784668,2.256011962890625,2.256000518798828
52,0.2685020487243283,0.068148519972927,52,563.3609924316406,68.6875,2.256011962890625,2.2574996948242188
53,0.2567428231799914,0.06828455309379186,53,561.3769836425781,68.60350036621094,2.256011962890625,2.2555007934570312
54,0.245327446275287,0.06840519754508025,54,559.4509887695312,68.52900314331055,2.2559814453125,2.256000518798828
55,0.23424994904382476,0.06853475642840351,55,557.5820007324219,68.44900131225586,2.258026123046875,2.2579994201660156
56,0.22349549950851375,0.06865784107418516,56,555.7675170898438,68.37299728393555,2.2554931640625,2.256000518798828
57,0.21301942086031184,0.06876471541528245,57,554.0,68.30700302124023,2.25799560546875,2.256000518798828
58,0.20226479044723145,0.06835985317145862,58,552.1854858398438,68.55700302124023,2.2554931640625,2.256000518798828
59,0.19254170595304837,0.06862949157411027,59,550.5450134277344,68.3905029296875,2.256011962890625,2.2574996948242188
60,0.18316500238726938,0.06899306202048357,60,548.9629821777344,68.16600036621094,2.256011962890625,2.2559967041015625
61,0.1738568514960936,0.06919873643887386,61,547.3925170898438,68.03899765014648,2.2554931640625,2.2579994201660156
62,0.16443583287681118,0.0690497424875106,62,545.8030090332031,68.13100051879883,2.256011962890625,2.256000518798828
63,0.15572910056889572,0.0693914438490582,63,544.3340148925781,67.92000198364258,2.256011962890625,2.256000518798828
64,0.14697769145193806,0.06949266558772173,64,542.8574829101562,67.85749816894531,2.2554931640625,2.2555007934570312
65,0.13841041590423123,0.06958092649588687,65,541.4120178222656,67.80299758911133,2.256011962890625,2.256000518798828
66,0.13007701531236066,0.06968294515882796,66,540.0060119628906,67.7400016784668,2.256011962890625,2.256000518798828
67,0.1218799965586189,0.06975825141420229,67,538.6230163574219,67.69350051879883,2.256011962890625,2.2554969787597656
68,0.11388140071791071,0.06985946697515824,68,537.2734985351562,67.63100051879883,2.25750732421875,2.256000518798828
69,0.10604288170312293,0.06994206292547447,69,535.9509887695312,67.57999801635742,2.2559814453125,2.256000518798828
70,0.09835557650355488,0.07001817228283394,70,534.6539916992188,67.53300094604492,2.2559814453125,2.256000518798828
71,0.0908106221085059,0.07009428781790097,71,533.3810119628906,67.48600006103516,2.256011962890625,2.2559967041015625
72,0.08337799280825531,0.07011858474180477,72,532.1269836425781,67.47099685668945,2.256011962890625,2.256000518798828
73,0.07617688705283877,0.07025785498144045,73,530.9120178222656,67.3849983215332,2.256011962890625,2.256000518798828
74,0.06907019949304986,0.0703436880505275,74,529.7129821777344,67.33199691772461,2.256011962890625,2.2579994201660156
75,0.06184521787207231,0.07009428781790097,75,528.4939880371094,67.48600006103516,2.256011962890625,2.2559967041015625
76,0.055201215646412706,0.0704926696464756,76,527.3730163574219,67.2400016784668,2.256011962890625,2.256000518798828
77,0.04844127077056667,0.07055583052875183,77,526.2324829101562,67.20100021362305,2.2554931640625,2.256000518798828
78,0.041794193622827235,0.07063761719937536,78,525.1109924316406,67.15049743652344,2.256011962890625,2.2555007934570312
79,0.03524497134833406,0.07069510076838752,79,524.0060119628906,67.1150016784668,2.256011962890625,2.256000518798828
80,0.028784379180847676,0.07073235234508213,80,522.9159851074219,67.09199905395508,2.256011962890625,2.256000518798828
81,0.022463243773569924,0.0708343710080232,81,521.8494873046875,67.02900314331055,2.2554931640625,2.256000518798828
82,0.016213374207436404,0.0708845834152162,82,520.7950134277344,66.99799728393555,2.256011962890625,2.256000518798828
83,0.010031333804828483,0.07094125770453566,83,519.7519836425781,66.9630012512207,2.256011962890625,2.256000518798828
84,0.0038731692677815743,0.07085299679637051,84,518.7129821777344,67.01750183105469,2.256011962890625,2.2555007934570312
85,-0.0020299576144090768,0.07106109905383891,85,517.7170104980469,66.88899993896484,2.256011962890625,2.2559967041015625
86,-0.008028226203304971,0.07098255567969378,86,516.7049865722656,66.9375,2.256011962890625,2.2574996948242188
87,-0.01379225808082579,0.07120684970872379,87,515.7324829101562,66.79899978637695,2.2554931640625,2.256000518798828
88,-0.01965106990951305,0.07106757946908811,88,514.7439880371094,66.8849983215332,2.256011962890625,2.256000518798828
89,-0.025275645026825236,0.07131454568492894,89,513.7950134277344,66.73249816894531,2.256011962890625,2.2555007934570312
90,-0.03097148598528165,0.07125785904019434,90,512.8340148925781,66.76750183105469,2.256011962890625,2.2555007934570312
91,-0.03650444651239193,0.0714060437118649,91,511.90049743652344,66.67599868774414,2.2555084228515625,2.2579994201660156
92,-0.0420372261617328,0.07141575506817732,92,510.9670104980469,66.67000198364258,2.256011962890625,2.256000518798828
93,-0.04752569075757028,0.0713906550422884,93,510.04100036621094,66.68550109863281,2.2559967041015625,2.2555007934570312
94,-0.05290743746946082,0.07151697680684085,94,509.13299560546875,66.60749816894531,2.25799560546875,2.2555007934570312
95,-0.058232840756182756,0.07163762125812924,95,508.2344970703125,66.53300094604492,2.25750732421875,2.256000518798828
96,-0.0635937865245921,0.07154855107027139,96,507.3300018310547,66.5880012512207,2.2559967041015625,2.256000518798828
97,-0.06887179983573083,0.07154855107027139,97,506.4394989013672,66.5880012512207,2.2555084228515625,2.256000518798828
98,-0.07406977473390934,0.07161818619008924,98,505.5625,66.54500198364258,2.25750732421875,2.256000518798828
99,-0.07928855057556904,0.07147891595045355,99,504.68199157714844,66.63100051879883,2.2559967041015625,2.256000518798828
100,-0.08429090616613971,0.0719631370258228,100,503.83799743652344,66.33199691772461,2.2559967041015625,2.2579994201660156
101,-0.0893851476635664,0.07202304843391306,101,502.97850036621094,66.29500198364258,2.2555084228515625,2.256000518798828
102,-0.09450308414878471,0.07180766883691792,102,502.11500549316406,66.42799758911133,2.2559967041015625,2.256000518798828
103,-0.09945804976377216,0.0721056443842293,103,501.2790069580078,66.24399948120117,2.2559967041015625,2.256000518798828
104,-0.1044783122535136,0.07205463505275875,104,500.43199157714844,66.27549743652344,2.2559967041015625,2.2555007934570312
105,-0.10943327786850106,0.07207973507864768,105,499.5959930419922,66.2599983215332,2.2559967041015625,2.256000518798828
106,-0.11436454849569691,0.07214289287207011,106,498.7639923095703,66.22099876403809,2.2559967041015625,2.2559986114501953
107,-0.11926317068551577,0.07216232794011011,107,497.9375,66.20899772644043,2.25750732421875,2.2559986114501953
108,-0.12413809788754301,0.07223196305992796,108,497.11500549316406,66.1659984588623,2.2559967041015625,2.2559986114501953
109,-0.12899828355136403,0.07222547955582498,109,496.2949981689453,66.17000198364258,2.2559967041015625,2.256000518798828
110,-0.13381397328391226,0.07233964976957175,110,495.4824981689453,66.09950256347656,2.2555084228515625,2.2555007934570312
111,-0.13862966301646049,0.07233317553203013,111,494.6699981689453,66.10350036621094,2.2559967041015625,2.2555007934570312
112,-0.14346904773680033,0.07198499375523333,112,493.85350036621094,66.31850051879883,2.2555084228515625,2.2554969787597656
113,-0.14823734749376533,0.07207973507864768,113,493.0489959716797,66.2599983215332,2.2559967041015625,2.256000518798828
114,-0.15298484630724915,0.0721056443842293,114,492.2480010986328,66.24399948120117,2.2559967041015625,2.256000518798828
115,-0.15773234512073298,0.07214937019846551,115,491.44700622558594,66.21699905395508,2.2559967041015625,2.256000518798828
116,-0.16245325490211476,0.07220604757663876,116,490.65049743652344,66.1820011138916,2.2555084228515625,2.256002426147461
117,-0.16717705872780697,0.07225706308581688,117,489.85350036621094,66.15049934387207,2.2555084228515625,2.2554988861083984
118,-0.1718771675657076,0.07228864043810121,118,489.0605010986328,66.13100051879883,2.2555084228515625,2.256000518798828
119,-0.17657727640360818,0.07223196305992796,119,488.2675018310547,66.1659984588623,2.2555084228515625,2.2559986114501953
120,-0.18126553774761298,0.07241819932142446,120,487.47650146484375,66.05099868774414,2.25750732421875,2.2579994201660156
121,-0.18595379909161777,0.07239957353307716,121,486.6855010986328,66.0625,2.2555084228515625,2.2574996948242188
122,-0.19063021294172677,0.07249107156001311,122,485.89649963378906,66.00600051879883,2.2555084228515625,2.256000518798828
123,-0.19531847428573157,0.07258014174787096,123,485.1054992675781,65.95100021362305,2.25750732421875,2.256000518798828
124,-0.20000673562973637,0.07262386756210719,124,484.3144989013672,65.92399978637695,2.2555084228515625,2.256000518798828
125,-0.20468314947984537,0.07269350268192502,125,483.52549743652344,65.88100051879883,2.2555084228515625,2.256000518798828
126,-0.2093624573742648,0.07271941198750664,126,482.7360076904297,65.8650016784668,2.2559967041015625,2.256000518798828
127,-0.21405967216785496,0.07275666356420125,127,481.94349670410156,65.84199905395508,2.2555084228515625,2.256000518798828
128,-0.21875978100575555,0.07277609554338747,128,481.15049743652344,65.82999992370605,2.2555084228515625,2.2559986114501953
129,-0.22345988984365617,0.07288621935867073,129,480.3574981689453,65.76199913024902,2.2555084228515625,2.257997512817383
130,-0.22815999868155676,0.07288945647744154,130,479.5644989013672,65.76000022888184,2.2555084228515625,2.2559986114501953
131,-0.23288380250724897,0.07294046889776587,131,478.7675018310547,65.72850036621094,2.2555084228515625,2.2555007934570312
132,-0.23762840727642237,0.07302872980593102,132,477.9669952392578,65.67399978637695,2.2559967041015625,2.256000518798828
133,-0.2423759060899062,0.07306678757346453,133,477.16600036621094,65.65049934387207,2.2559967041015625,2.2554988861083984
134,-0.24714709989118164,0.07312427423133047,134,476.3610076904297,65.6150016784668,2.2559967041015625,2.256000518798828
135,-0.2519125056038362,0.0731874351136067,135,475.55699157714844,65.57600021362305,2.2559967041015625,2.256000518798828
136,-0.25670739439290324,0.07323116092784293,136,474.7480010986328,65.54899978637695,2.2559967041015625,2.256000518798828
137,-0.26154388506893267,0.07341496626140753,137,473.93199157714844,65.43550109863281,2.2559967041015625,2.2555007934570312
138,-0.26645435475264734,0.07383845429357866,138,473.10350036621094,65.17399978637695,2.2555084228515625,2.256000518798828
139,-0.2713174344607788,0.07388946362504921,139,472.2830047607422,65.14250183105469,2.2559967041015625,2.2555007934570312
140,-0.2762131626062872,0.07394048222308111,140,471.4570007324219,65.11099815368652,2.25799560546875,2.2559986114501953
141,-0.28115628072737886,0.07407327204746761,141,470.6230010986328,65.02900123596191,2.2559967041015625,2.256002426147461
142,-0.2860875513545747,0.07411052053530842,142,469.79100036621094,65.00600051879883,2.2559967041015625,2.256000518798828
143,-0.2910780594512496,0.07417368141758465,143,468.9490051269531,64.96699905395508,2.25799560546875,2.256000518798828
144,-0.29608936849140566,0.07421173918511817,144,468.10350036621094,64.9434986114502,2.2555084228515625,2.2554988861083984
145,-0.3011125250254575,0.07424331653740249,145,467.25599670410156,64.92399978637695,2.2559967041015625,2.256000518798828
146,-0.3061949190289884,0.07428785163133142,146,466.39849853515625,64.89649963378906,2.25750732421875,2.2555007934570312
147,-0.3113247030081025,0.07436963521310115,147,465.5330047607422,64.84599876403809,2.2559967041015625,2.2559986114501953
148,-0.3164871354245936,0.074439270332919,148,464.66200256347656,64.80299949645996,2.2559967041015625,2.2559986114501953
149,-0.32153398694643703,0.07402225962714327,149,463.8105010986328,65.06050109863281,2.2555084228515625,2.2555007934570312
150,-0.326859390233159,0.07437611253949655,150,462.91200256347656,64.84199905395508,2.2559967041015625,2.256000518798828
151,-0.3320929076130249,0.07423035879575789,151,462.0290069580078,64.9320011138916,2.2559967041015625,2.256002426147461
152,-0.33753389179439447,0.0746109272045317,152,461.1110076904297,64.69700241088867,2.2559967041015625,2.256000518798828
153,-0.3429274860001808,0.07467408808680794,153,460.2010040283203,64.65800094604492,2.2559967041015625,2.256000518798828
154,-0.3483566226876546,0.07470486233710713,154,459.2850036621094,64.63899803161621,2.25799560546875,2.2559986114501953
155,-0.35387764528198434,0.074806884088902,155,458.35350036621094,64.57600021362305,2.2555084228515625,2.256000518798828
156,-0.35943421035800155,0.07485060990313823,156,457.41600036621094,64.54899978637695,2.2559967041015625,2.256000518798828
157,-0.36494627950274594,0.07469918811269685,157,456.4860076904297,64.64250183105469,2.2559967041015625,2.2555007934570312
158,-0.37073111232374795,0.07498988014277391,158,455.50999450683594,64.4630012512207,2.2559967041015625,2.256000518798828
159,-0.37647434325778756,0.07504008328340554,159,454.54100036621094,64.4320011138916,2.2559967041015625,2.256002426147461
160,-0.38228576511089163,0.07507895033063176,160,453.5605010986328,64.40800094604492,2.2555084228515625,2.256000518798828
161,-0.3878186351991172,0.0744271218709671,161,452.6269989013672,64.81050109863281,2.2559967041015625,2.2555007934570312
162,-0.3941605715498761,0.07522389479467773,162,451.55699157714844,64.3184986114502,2.2559967041015625,2.2554988861083984
163,-0.40022974422437746,0.0753064814784326,163,450.5330047607422,64.26750183105469,2.2559967041015625,2.2555007934570312
164,-0.40636421377363274,0.0753575000764645,164,449.4980010986328,64.23599815368652,2.2559967041015625,2.2559986114501953
165,-0.41254607329847126,0.07536316503431342,165,448.4550018310547,64.23250007629395,2.2559967041015625,2.2554988861083984
166,-0.4188880096492302,0.07547733833691397,166,447.38499450683594,64.1619987487793,2.2559967041015625,2.256000518798828
167,-0.4252773359755723,0.0755275383886918,167,446.30699157714844,64.13100051879883,2.2559967041015625,2.256000518798828
168,-0.43178513724087253,0.07558422194457264,168,445.20899963378906,64.09599876403809,2.2559967041015625,2.2559986114501953
169,-0.43829293850617274,0.07548381257445559,169,444.1110076904297,64.15800094604492,2.2559967041015625,2.256000518798828
170,-0.4450971984355222,0.07569272102276291,170,442.96299743652344,64.02900123596191,2.2559967041015625,2.256002426147461
171,-0.45197254332824643,0.07581903969846157,171,441.80299377441406,63.95100021362305,2.2559967041015625,2.256000518798828
172,-0.4588952781965539,0.0758692397502394,172,440.63499450683594,63.92000198364258,2.2559967041015625,2.256000518798828
173,-0.46598098393509224,0.07592916351374483,173,439.4394989013672,63.882999420166016,2.2555084228515625,2.2579994201660156
174,-0.4727762904148563,0.07544494552722937,174,438.2929992675781,64.1820011138916,2.25799560546875,2.256002426147461
175,-0.48052283308390337,0.0760651966346097,175,436.9860076904297,63.79899978637695,2.2559967041015625,2.256000518798828
176,-0.4879997774376573,0.07614130908082295,176,435.72450256347656,63.75200080871582,2.2555084228515625,2.256002426147461
177,-0.49561599767385056,0.07621095037834838,177,434.4394989013672,63.70899772644043,2.2555084228515625,2.2559986114501953
178,-0.5034188837680662,0.07629353706210323,178,433.1230010986328,63.65800094604492,2.2559967041015625,2.256000518798828
179,-0.5113491982508253,0.07635669794437946,179,431.7850036621094,63.61899948120117,2.25799560546875,2.256000518798828
180,-0.5194632845472964,0.07644495885254461,180,430.41600036621094,63.56449890136719,2.2559967041015625,2.2555007934570312
181,-0.5277521892078942,0.07650811664596704,181,429.0175018310547,63.52549934387207,2.2555084228515625,2.2554988861083984
182,-0.536224865682204,0.0765842290921803,182,427.58799743652344,63.47850036621094,2.2559967041015625,2.2555007934570312
183,-0.5449079030023278,0.07665953225870084,183,426.1230010986328,63.4320011138916,2.2559967041015625,2.256002426147461
184,-0.5537747121361637,0.07673888800139247,184,424.6269989013672,63.382999420166016,2.2559967041015625,2.2579994201660156
185,-0.562860835565399,0.07680528600243952,185,423.093994140625,63.34199905395508,2.25799560546875,2.256000518798828
186,-0.57218101482824,0.07688787886390196,186,421.52149963378906,63.290998458862305,2.2555084228515625,2.2559986114501953
187,-0.5817442033742721,0.07697694905175981,187,419.9080047607422,63.23599815368652,2.2559967041015625,2.2559986114501953
188,-0.5915119646774973,0.07703362642993306,188,418.25999450683594,63.20100021362305,2.2559967041015625,2.256000518798828
189,-0.6015848667777032,0.07711541001170279,189,416.5605010986328,63.15049934387207,2.2555084228515625,2.2554988861083984
190,-0.6119334265984769,0.07721014824626334,190,414.8144989013672,63.09199905395508,2.2555084228515625,2.256000518798828
191,-0.6225605381841292,0.07729274110772578,191,413.02149963378906,63.040998458862305,2.2555084228515625,2.2559986114501953
192,-0.6334870024781412,0.07736237622754363,192,411.17799377441406,62.99799919128418,2.2559967041015625,2.2559986114501953
193,-0.6447749509943022,0.0774635886996458,193,409.27349853515625,62.93550109863281,2.25750732421875,2.2555007934570312
194,-0.6563859472066144,0.07755832693420635,194,407.3144989013672,62.87700080871582,2.2555084228515625,2.256002426147461
195,-0.6683555335967654,0.07764091979566878,195,405.2949981689453,62.82600021362305,2.2559967041015625,2.256000518798828
196,-0.6806718626708591,0.07771055491548663,196,403.2169952392578,62.78300094604492,2.2559967041015625,2.256000518798828
197,-0.6934297143800623,0.07779881582365178,197,401.0644989013672,62.72850036621094,2.2555084228515625,2.2555007934570312
198,-0.7065788047044811,0.07787411899017233,198,398.8459930419922,62.6820011138916,2.2559967041015625,2.256002426147461
199,-0.720240502627384,0.07796966959327936,199,396.54100036621094,62.62299919128418,2.2559967041015625,2.2559986114501953
200,-0.7343645241288774,0.07806440782783991,200,394.1580047607422,62.56449890136719,2.2559967041015625,2.2555007934570312
201,-0.7489716701524425,0.07814375739282398,201,391.69349670410156,62.51550102233887,2.2555084228515625,2.2575016021728516
202,-0.7641596146935562,0.07824821316140453,202,389.13099670410156,62.45100021362305,2.2559967041015625,2.256000518798828
203,-0.7799254637079079,0.07833647406956967,203,386.4709930419922,62.39649963378906,2.2559967041015625,2.2555007934570312
204,-0.7962484162520166,0.0783996318629921,204,383.7169952392578,62.357500076293945,2.2559967041015625,2.2554988861083984
205,-0.8133359391273859,0.07851056804682185,205,380.83399963378906,62.288997650146484,2.2559967041015625,2.2579994201660156
206,-0.8310932523828493,0.0785963980270551,206,377.83799743652344,62.23599815368652,2.2559967041015625,2.2559986114501953
207,-0.8495914409817815,0.07868384347781998,207,374.7169952392578,62.1820011138916,2.2559967041015625,2.256002426147461
208,-0.8688778948997661,0.0787413363133935,208,371.46299743652344,62.14649963378906,2.2559967041015625,2.2555007934570312
209,-0.8891363859505148,0.07885550652714027,209,368.0449981689453,62.07600021362305,2.2559967041015625,2.256000518798828
210,-0.9102750282271717,0.07893161897335352,210,364.47850036621094,62.029001235961914,2.2555084228515625,2.256002426147461
211,-0.9324330976121761,0.07900692522872785,211,360.74000549316406,61.982500076293945,2.2559967041015625,2.2554988861083984
212,-0.9556758909802817,0.07907008611100408,212,356.81849670410156,61.943498611450195,2.2555084228515625,2.2554988861083984
213,-0.9801247773147573,0.07914619855721733,213,352.69349670410156,61.89649963378906,2.2555084228515625,2.2555007934570312
214,-1.0058479475346673,0.07920044809631246,214,348.35350036621094,61.86300086975098,2.2555084228515625,2.2580013275146484
215,-1.032960982534659,0.07925389144456868,215,343.7790069580078,61.829999923706055,2.2559967041015625,2.2559986114501953
216,-1.0616002641528615,0.07929761725880491,216,338.94700622558594,61.80299949645996,2.2559967041015625,2.2559986114501953
217,-1.091905068271714,0.07932352965324031,217,333.83399963378906,61.7869987487793,2.2559967041015625,2.256000518798828
218,-1.1239227848667996,0.07930733170397113,218,328.43199157714844,61.797000885009766,2.2559967041015625,2.2579994201660156
219,-1.1579585547350988,0.07928546879685301,219,322.6894989013672,61.81050109863281,2.2555084228515625,2.2555007934570312
220,-1.1942377515772862,0.07926684300850571,220,316.56849670410156,61.82200241088867,2.2555084228515625,2.256000518798828
221,-1.2327751169315677,0.07917129858310624,221,310.0664978027344,61.88100051879883,2.25750732421875,2.256000518798828
222,-1.273952935963574,0.07904498608511516,222,303.11900329589844,61.95899772644043,2.2559967041015625,2.2559986114501953
223,-1.3179194380053294,0.07882959722155865,223,295.7010040283203,62.09199905395508,2.2559967041015625,2.256000518798828
224,-1.3650095182468809,0.07853890519148159,224,287.75599670410156,62.27149963378906,2.2559967041015625,2.2555007934570312
225,-1.4156794408615443,0.07817857804158668,225,279.2070007324219,62.49399948120117,2.25799560546875,2.256000518798828
226,-1.470121931112617,0.07767816828350961,226,270.02149963378906,62.80299949645996,2.2555084228515625,2.2559986114501953
227,-1.5288822450359598,0.07704010066747466,227,260.1074981689453,63.19700241088867,2.2555084228515625,2.256000518798828
228,-1.5925530738624598,0.07626115043012621,228,249.36499786376953,63.67799949645996,2.2560043334960938,2.2559986114501953
229,-1.6613833506222557,0.07521822057026745,229,237.7519989013672,64.32200241088867,2.2559967041015625,2.256000518798828
230,-1.7355420151519687,0.07375666762295513,230,225.23999786376953,65.22450256347656,2.2560043334960938,2.2555007934570312
231,-1.8165729948717684,0.07202628555268387,231,211.5685043334961,66.29300308227539,2.2555007934570312,2.2579994201660156
232,-1.9044852884506827,0.06976473182945149,232,196.73600006103516,67.68949890136719,2.2560043334960938,2.2555007934570312
233,-1.999939687599778,0.06685782388409606,233,180.63099670410156,69.4844970703125,2.2559967041015625,2.2574996948242188
234,-2.103048743511064,0.06302781816162374,234,163.23450469970703,71.84950256347656,2.2574996948242188,2.2555007934570312
235,-2.2139163252436203,0.058008338088984035,235,144.52899932861328,74.94900131225586,2.2560043334960938,2.2579994201660156
236,-2.3319911173563104,0.05141960909282686,236,124.60749816894531,79.01750183105469,2.2555007934570312,2.2555007934570312
237,-2.4532872068837155,0.04238552103987269,237,104.14250183105469,84.59599685668945,2.2555007934570312,2.256000518798828
238,-2.5501670359043014,0.026950543367374312,238,87.79700088500977,94.12700271606445,2.2579994201660156,2.256000518798828
239,-2.595093727584925,0.0025697385500869055,239,80.21699905395508,109.18200302124023,2.256000518798828,2.256000518798828
240,-2.63530841771431,-0.023391645106415795,240,73.43200302124023,125.2130012512207,2.256000518798828,2.256000518798828
241,-2.6718217382192666,-0.05066316609749701,241,67.27149963378906,142.0530014038086,2.2555007934570312,2.2560043334960938
242,-2.7064917333762515,-0.07894602106302995,242,61.422000885009766,159.51749420166016,2.2579994201660156,2.2555007934570312
243,-2.7381774940450425,-0.10826049141699275,243,56.07600021362305,177.61900329589844,2.256000518798828,2.2559967041015625
244,-2.766816775663245,-0.13850531217676887,244,51.24399948120117,196.2949981689453,2.256000518798828,2.2559967041015625
245,-2.7942973203760793,-0.16948374806683317,245,46.607500076293945,215.4239959716797,2.2554988861083984,2.2559967041015625
246,-2.819187763260246,-0.2012144186978254,246,42.40800094604492,235.01749420166016,2.256000518798828,2.2555007934570312
247,-2.8399085778895854,-0.2336349910002847,247,38.9119987487793,255.03700256347656,2.256000518798828,2.2559967041015625
248,-2.85590554347379,-0.2666215525156141,248,36.2130012512207,275.406005859375,2.256000518798828,2.25799560546875
249,-2.8635691649904267,-0.30000081854625404,249,34.920000076293945,296.0175018310547,2.2559986114501953,2.2555084228515625
250,-2.8818717512390424,-0.33369912610704594,250,31.83199977874756,316.8260040283203,2.258000373840332,2.2559967041015625
251,-2.8897546644413574,-0.36761281326483297,251,30.501999855041504,337.7675018310547,2.2559995651245117,2.2555084228515625
252,-2.8973708620678296,-0.40173540578207356,252,29.217000007629395,358.83799743652344,2.2559995651245117,2.2559967041015625
253,-2.901955401315943,-0.435926842672562,253,28.44349956512451,379.9510040283203,2.255499839782715,2.2559967041015625
254,-2.8999431813507925,-0.46986563603394554,254,28.782999992370605,400.9080047607422,2.2559995651245117,2.2559967041015625
255,-2.8832942305419196,-0.5026983232089252,255,31.592000007629395,421.18199157714844,2.2559995651245117,2.2559967041015625
256,-2.8481056192530483,-0.5335431723503254,256,37.52899932861328,440.22850036621094,2.256000518798828,2.2555084228515625
257,-2.7976312594216894,-0.5620227996576289,257,46.045000076293945,457.8144989013672,2.2559986114501953,2.2555084228515625
258,-2.7332225284300553,-0.5877250779029003,258,56.9119987487793,473.6855010986328,2.256000518798828,2.2555084228515625
259,-2.6572353931391826,-0.610422469760631,259,69.73249816894531,487.7010040283203,2.2555007934570312,2.2559967041015625
260,-2.568143640845443,-0.6294509952203509,260,84.76399993896484,499.4510040283203,2.2559967041015625,2.2559967041015625
261,-2.4713112244101616,-0.6451272494400108,261,101.10150146484375,509.13099670410156,2.2574996948242188,2.2559967041015625
262,-2.374384005413993,-0.6584050951804656,262,117.45499801635742,517.3299865722656,2.256000518798828,2.256011962890625
263,-2.277098151020543,-0.6692352096244136,263,133.86900329589844,524.0175170898438,2.2559967041015625,2.2554931640625
264,-2.1799486558555006,-0.6776960002364332,264,150.26000213623047,529.2420043945312,2.2560043334960938,2.25799560546875
265,-2.082686564279006,-0.6837219338945381,265,166.6699981689453,532.9629821777344,2.2559967041015625,2.256011962890625
266,-1.9895674327912125,-0.6882256309837931,266,182.38099670410156,535.7439880371094,2.2559967041015625,2.256011962890625
267,-1.9037444131072137,-0.6920847707752027,267,196.86100006103516,538.1269836425781,2.2560043334960938,2.256011962890625
268,-1.8239136026068359,-0.6952670315027193,268,210.3300018310547,540.0920104980469,2.2559967041015625,2.256011962890625
269,-1.7507744104049128,-0.6981707023293039,269,222.6699981689453,541.885009765625,2.2559967041015625,2.2559814453125
270,-1.6829398657656727,-0.7006816192189174,270,234.11499786376953,543.4354858398438,2.2560043334960938,2.2554931640625
271,-1.620220318347898,-0.7029496780682293,271,244.6969985961914,544.8359985351562,2.2560043334960938,2.25799560546875
272,-1.5618038078447454,-0.7049391964382697,272,254.55299377441406,546.0645141601562,2.2559967041015625,2.2554931640625
273,-1.5075361359577992,-0.7067489188069638,273,263.70899963378906,547.1820068359375,2.2559967041015625,2.2559814453125
274,-1.4565313181530888,-0.7082728357122747,274,272.3144989013672,548.1230163574219,2.2555084228515625,2.256011962890625
275,-1.4095568188061849,-0.7098792867908262,275,280.24000549316406,549.114990234375,2.2559967041015625,2.2559814453125
276,-1.3651724891171118,-0.7112331437619334,276,287.72850036621094,549.9509887695312,2.2555084228515625,2.2559814453125
277,-1.3235915839759942,-0.7125044171381394,277,294.74400329589844,550.7359924316406,2.2559967041015625,2.256011962890625
278,-1.284440771666787,-0.7136753151216202,278,301.34950256347656,551.4590148925781,2.2555084228515625,2.256011962890625
279,-1.247441500424612,-0.7147093151051751,279,307.5919952392578,552.0975036621094,2.2559967041015625,2.257476806640625
280,-1.212667749257154,-0.7157312067818774,280,313.45899963378906,552.728515625,2.2559967041015625,2.2554931640625
281,-1.1798025298735373,-0.7167085201206977,281,319.0039978027344,553.3320007324219,2.25799560546875,2.258026123046875
282,-1.148626527978362,-0.7176008282032464,282,324.2639923095703,553.8829956054688,2.2559967041015625,2.25799560546875
283,-1.1188551324014748,-0.7183628113667323,283,329.28700256347656,554.353515625,2.2559967041015625,2.2554931640625
284,-1.090770060268719,-0.7191660121951777,284,334.02549743652344,554.8494873046875,2.2555084228515625,2.2554931640625
285,-1.063911882045814,-0.7198648344763873,285,338.55699157714844,555.281005859375,2.2559967041015625,2.25799560546875
286,-1.038004940012192,-0.7203749648573381,286,342.92799377441406,555.5960083007812,2.2559967041015625,2.2559814453125
287,-1.0137190245479473,-0.7210705253089466,287,347.02549743652344,556.0255126953125,2.2555084228515625,2.2554931640625
288,-0.99045253619205,-0.7217061372862194,288,350.9510040283203,556.4179992675781,2.2559967041015625,2.258026123046875
289,-0.9680188090864776,-0.7222211109899113,289,354.7360076904297,556.7359924316406,2.2559967041015625,2.256011962890625
290,-0.9465779200571506,-0.7227409774380049,290,358.35350036621094,557.0570068359375,2.2555084228515625,2.2559814453125
291,-0.9260200762980423,-0.7232275831084992,291,361.82200622558594,557.3574829101562,2.2559967041015625,2.2554931640625
292,-0.9062712988014673,-0.7237021298938014,292,365.1540069580078,557.6505126953125,2.2559967041015625,2.2554931640625
293,-0.887307892579634,-0.7241547334617872,293,368.35350036621094,557.9299926757812,2.2555084228515625,2.25799560546875
294,-0.8689726748509325,-0.7245434348225872,294,371.44700622558594,558.1700134277344,2.2559967041015625,2.256011962890625
295,-0.8513754384213895,-0.7249482970664111,295,374.41600036621094,558.4200134277344,2.2559967041015625,2.256011962890625
296,-0.8341841821452685,-0.7251887334453421,296,377.3164978027344,558.5684814453125,2.25750732421875,2.2554931640625
297,-0.8178730770950556,-0.7256090152472803,297,380.06849670410156,558.8280029296875,2.2555084228515625,2.25799560546875
298,-0.8021072280807039,-0.7259920331171087,298,382.72850036621094,559.0645141601562,2.2555084228515625,2.2554931640625
299,-0.7867118167380865,-0.7262762076656911,299,385.3260040283203,559.239990234375,2.2559967041015625,2.2559814453125
300,-0.7718943098687074,-0.7265806945167896,300,387.8260040283203,559.4280090332031,2.2559967041015625,2.256011962890625
301,-0.7575391265779188,-0.7268899752689685,301,390.2480010986328,559.6189880371094,2.2559967041015625,2.256011962890625
302,-0.7435780759466561,-0.727143458966304,302,392.60350036621094,559.7755126953125,2.2555084228515625,2.2554931640625
303,-0.7300911963878799,-0.7274211592773447,303,394.8789978027344,559.9469909667969,2.25799560546875,2.256011962890625
304,-0.7169747545008381,-0.7276810677905613,304,397.0919952392578,560.1074829101562,2.2559967041015625,2.2554931640625
305,-0.7042553393176328,-0.7279402349788684,305,399.2380065917969,560.2675170898438,2.25799560546875,2.2554931640625
306,-0.6918323827984767,-0.7281369826098086,306,401.33399963378906,560.3890075683594,2.2559967041015625,2.256011962890625
307,-0.6796998255380949,-0.7282916229858981,307,403.38099670410156,560.4844970703125,2.2559967041015625,2.25750732421875
308,-0.6678932100181748,-0.7284527870211898,308,405.3730010986328,560.5840148925781,2.2559967041015625,2.256011962890625
309,-0.6564422906317829,-0.7286300625178446,309,407.30499267578125,560.6934814453125,2.25799560546875,2.2554931640625
310,-0.6453883979492276,-0.7288989163516338,310,409.1699981689453,560.8594970703125,2.2559967041015625,2.25750732421875
311,-0.6345301245742802,-0.7291037691349163,311,411.0019989013672,560.9859924316406,2.2559967041015625,2.256011962890625
312,-0.6238793180008363,-0.7292309310676993,312,412.7989959716797,561.0645141601562,2.2559967041015625,2.2554931640625
313,-0.6134151772854148,-0.7292940919499755,313,414.5644989013672,561.103515625,2.2555084228515625,2.2554931640625
314,-0.6033659701730006,-0.7295475262256504,314,416.25999450683594,561.260009765625,2.2559967041015625,2.2559814453125
315,-0.5935271239064006,-0.729756431585104,315,417.9199981689453,561.3890075683594,2.2559967041015625,2.256011962890625
316,-0.5837356676153838,-0.7297936955172137,316,419.57200622558594,561.4120178222656,2.2559967041015625,2.256011962890625
317,-0.5743680983769596,-0.7300559762701402,317,421.1524963378906,561.573974609375,2.25750732421875,2.25799560546875
318,-0.5650716141019101,-0.7301799257949827,318,422.7209930419922,561.6505126953125,2.2559967041015625,2.2554931640625
319,-0.5559973381665706,-0.730331304341471,319,424.2519989013672,561.7439880371094,2.2559967041015625,2.256011962890625
320,-0.5469675581625039,-0.7302997239003329,320,425.77549743652344,561.7244873046875,2.2555084228515625,2.2554931640625
321,-0.5383556058057548,-0.7305968963456592,321,427.22850036621094,561.9079895019531,2.2555084228515625,2.256011962890625
322,-0.5297881493802786,-0.730711109803359,322,428.6739959716797,561.978515625,2.2559967041015625,2.2554931640625
323,-0.5213154729059688,-0.7307556387195803,323,430.10350036621094,562.0060119628906,2.2555084228515625,2.256011962890625
324,-0.5130502632331627,-0.7308657007577878,324,431.4980010986328,562.073974609375,2.2559967041015625,2.25799560546875
325,-0.5049006344550041,-0.7309580698414923,325,432.8730010986328,562.1310119628906,2.2559967041015625,2.256011962890625
326,-0.4969466249844534,-0.7310973400811279,326,434.2149963378906,562.2170104980469,2.25799560546875,2.256011962890625
327,-0.4891110904528608,-0.7311977154738533,327,435.53700256347656,562.2789916992188,2.2559967041015625,2.2559814453125
328,-0.4813527002899179,-0.7312802990687544,328,436.8459930419922,562.3299865722656,2.2559967041015625,2.256011962890625
329,-0.4737601750415163,-0.7313879888672519,329,438.1269989013672,562.396484375,2.2559967041015625,2.2554931640625
330,-0.4662713831938665,-0.7314640982246113,330,439.3905029296875,562.4434814453125,2.25750732421875,2.2554931640625
331,-0.4588715832087623,-0.7315329425978593,331,440.6389923095703,562.4859924316406,2.2559967041015625,2.256011962890625
332,-0.451628694688614,-0.7316349983270458,332,441.8610076904297,562.5490112304688,2.2559967041015625,2.2559814453125
333,-0.44445110304321966,-0.7317167417537163,333,443.07200622558594,562.5994873046875,2.2559967041015625,2.2554931640625
334,-0.43738619824816255,-0.7317961129406768,334,444.2639923095703,562.6484985351562,2.2559967041015625,2.25750732421875
335,-0.4303952724607906,-0.7318625356525542,335,445.44349670410156,562.6895141601562,2.2555084228515625,2.2554931640625
336,-0.4235199275680664,-0.7319702254510518,336,446.60350036621094,562.7560119628906,2.2555084228515625,2.256011962890625
337,-0.41671277359440656,-0.7320204378582448,337,447.7519989013672,562.7870178222656,2.2559967041015625,2.256011962890625
338,-0.40996485709022573,-0.7320139141990425,338,448.8905029296875,562.7829895019531,2.25750732421875,2.256011962890625
339,-0.40332962743638207,-0.7321183915895996,339,450.00999450683594,562.8475036621094,2.2559967041015625,2.257476806640625
340,-0.3967328343085363,-0.7320835493188603,340,451.1230010986328,562.8259887695312,2.2559967041015625,2.2559814453125
341,-0.3902961180066109,-0.7322859804407723,341,452.20899963378906,562.9509887695312,2.2559967041015625,2.2559814453125
342,-0.38388309669247717,-0.7323402454241363,342,453.29100036621094,562.9844970703125,2.2559967041015625,2.25750732421875
343,-0.37745822788444755,-0.7322608742371758,343,454.375,562.9354858398438,2.25799560546875,2.2554931640625
344,-0.37114893997106563,-0.7322608742371758,344,455.4394989013672,562.9354858398438,2.2555084228515625,2.2554931640625
345,-0.3649907754340187,-0.7325143579345113,345,456.47850036621094,563.0920104980469,2.2555084228515625,2.256011962890625
346,-0.3588089159091802,-0.7325394147164471,346,457.52149963378906,563.1074829101562,2.2555084228515625,2.2554931640625
347,-0.3526715523156145,-0.7325839930543291,347,458.55699157714844,563.135009765625,2.2559967041015625,2.2559814453125
348,-0.346608167729734,-0.7326090992579256,348,459.5800018310547,563.1505126953125,2.2559967041015625,2.2554931640625
349,-0.3405982325247117,-0.7327167890564232,349,460.593994140625,563.2170104980469,2.25799560546875,2.256011962890625
350,-0.3346385813395831,-0.7327734262794972,350,461.59950256347656,563.2519836425781,2.2555084228515625,2.256011962890625
351,-0.3286878836040398,-0.7327928984137827,351,462.60350036621094,563.2640075683594,2.2555084228515625,2.256011962890625
352,-0.32280537678756094,-0.7328431108209756,352,463.5959930419922,563.2950134277344,2.2559967041015625,2.256011962890625
353,-0.3169731539909757,-0.7329062717032518,353,464.5800018310547,563.3340148925781,2.2559967041015625,2.256011962890625
354,-0.31113803715008004,-0.7328867995689664,354,465.5644989013672,563.3219909667969,2.2555084228515625,2.256011962890625
355,-0.30539770026035085,-0.7330010130266662,355,466.5330047607422,563.3925170898438,2.2559967041015625,2.2554931640625
356,-0.2996544693263112,-0.7330228574006616,356,467.5019989013672,563.406005859375,2.2559967041015625,2.25799560546875
357,-0.293946780873959,-0.7330649646555124,357,468.4649963378906,563.4320068359375,2.25799560546875,2.2559814453125
358,-0.28828648239718996,-0.7331337596070997,358,469.4199981689453,563.4744873046875,2.2559967041015625,2.2554931640625
359,-0.28261433642652517,-0.7331021791659615,359,470.3769989013672,563.4549865722656,2.2559967041015625,2.256011962890625
360,-0.27698958043144356,-0.7331216513002471,360,471.3260040283203,563.4670104980469,2.2559967041015625,2.256011962890625
361,-0.271397472873739,-0.733155603981095,361,472.2695007324219,563.4879760742188,2.25750732421875,2.25799560546875
362,-0.26559789851453075,-0.7316503684634995,362,473.2480010986328,562.5585021972656,2.2559967041015625,2.257476806640625
363,-0.26004133343851354,-0.7315491529025436,363,474.1855010986328,562.4960021972656,2.2555084228515625,2.258026123046875
364,-0.2545558533258712,-0.7318875924344901,364,475.1110076904297,562.7049865722656,2.2559967041015625,2.256011962890625
365,-0.23809073085501287,-0.7318560119933519,365,477.8889923095703,562.6854858398438,2.2559967041015625,2.2554931640625
366,-0.2326170982362663,-0.7317742685666815,366,478.8125,562.635009765625,2.25750732421875,2.2559814453125
367,-0.22716426656100094,-0.7318941160936924,367,479.7324981689453,562.7090148925781,2.2555084228515625,2.256011962890625
368,-0.2217351298735272,-0.732033386333328,368,480.64849853515625,562.7950134277344,2.25750732421875,2.256011962890625
369,-0.21629414569215763,-0.7319766996885934,369,481.5664978027344,562.760009765625,2.25750732421875,2.2559814453125
370,-0.21086500900468388,-0.7319766996885934,370,482.4824981689453,562.760009765625,2.2555084228515625,2.2559814453125
371,-0.20542402482331432,-0.7319952822329877,371,483.40049743652344,562.771484375,2.2555084228515625,2.2554931640625
372,-0.20000673562973637,-0.7319070645687755,372,484.3144989013672,562.7170104980469,2.2555084228515625,2.256011962890625
373,-0.1945657514483668,-0.7317612706699377,373,485.2324981689453,562.6269836425781,2.2555084228515625,2.256011962890625
374,-0.18914846225478885,-0.7319442790792247,374,486.14649963378906,562.739990234375,2.2555084228515625,2.2559814453125
375,-0.18370747807341928,-0.7321159699282291,375,487.0644989013672,562.8460083007812,2.2555084228515625,2.2559814453125
376,-0.17826649389204974,-0.7318309552114161,376,487.9824981689453,562.6700134277344,2.2555084228515625,2.256011962890625
377,-0.17282550971068017,-0.7319321213507114,377,488.90049743652344,562.7324829101562,2.2555084228515625,2.2554931640625
378,-0.16736372458582943,-0.7319888574171066,378,489.82200622558594,562.7675170898438,2.2559967041015625,2.2554931640625
379,-0.16189904541666825,-0.7319507533167663,379,490.74400329589844,562.7439880371094,2.2559967041015625,2.256011962890625
380,-0.1564343662475071,-0.7319224347052293,380,491.66600036621094,562.7265014648438,2.2559967041015625,2.25750732421875
381,-0.1509578395844501,-0.7317742685666815,381,492.5899963378906,562.635009765625,2.25799560546875,2.2559814453125
382,-0.14539232105884756,-0.7322487659303232,382,493.5290069580078,562.9280090332031,2.2559967041015625,2.256011962890625
383,-0.13997213782095916,-0.7315524147321447,383,494.44349670410156,562.4980163574219,2.2555084228515625,2.256011962890625
384,-0.13436818276935877,-0.7318843800265495,384,495.3889923095703,562.7030029296875,2.2559967041015625,2.25799560546875
385,-0.12853595997277353,-0.7335386218509236,385,496.3730010986328,563.7244873046875,2.2559967041015625,2.2554931640625
386,-0.12292015742727734,-0.733589674426347,386,497.32049560546875,563.7560119628906,2.25750732421875,2.256011962890625
387,-0.11730724892609155,-0.7335135650689877,387,498.2675018310547,563.7090148925781,2.2555084228515625,2.256011962890625
388,-0.11163510295542675,-0.7335232517144697,388,499.22450256347656,563.7149963378906,2.2555084228515625,2.258026123046875
389,-0.10596006294045152,-0.7334754609686472,389,500.18199157714844,563.6854858398438,2.2559967041015625,2.2554931640625
390,-0.1002197260507223,-0.73356372805452,390,501.15049743652344,563.739990234375,2.2555084228515625,2.2559814453125
391,-0.09447938916099309,-0.7335572538169783,391,502.11900329589844,563.7359924316406,2.2559967041015625,2.256011962890625
392,-0.08868876825137023,-0.7335232517144697,392,503.0959930419922,563.7149963378906,2.2559967041015625,2.258026123046875
393,-0.082856545454785,-0.7335702022920616,393,504.0800018310547,563.7439880371094,2.2559967041015625,2.256011962890625
394,-0.07757563809933586,-0.7314697817155831,394,504.9709930419922,562.4469909667969,2.2559967041015625,2.256011962890625
395,-0.0710944258661377,-0.7335232517144697,395,506.0644989013672,563.7149963378906,2.2555084228515625,2.258026123046875
396,-0.06513188063669863,-0.7335386218509236,396,507.07049560546875,563.7244873046875,2.25750732421875,2.2554931640625
397,-0.05918407694546578,-0.7334001917795184,397,508.0740051269531,563.6390075683594,2.25799560546875,2.256011962890625
398,-0.053105950821379075,-0.7335005671722438,398,509.09950256347656,563.7009887695312,2.2555084228515625,2.2559814453125
399,-0.04699219177672026,-0.7334973053426427,399,510.1310119628906,563.698974609375,2.256011962890625,2.25799560546875
400,-0.04085781266634966,-0.7334633526617946,400,511.16600036621094,563.6780090332031,2.2559967041015625,2.256011962890625
401,-0.034675862702626445,-0.7334058752704901,401,512.2090148925781,563.6425170898438,2.256011962890625,2.2554931640625
402,-0.02840220770981661,-0.733402613440889,402,513.2675018310547,563.6405029296875,2.2555084228515625,2.25750732421875
403,-0.02210485772921517,-0.7333394525586127,403,514.3299865722656,563.6015014648438,2.256011962890625,2.25750732421875
404,-0.015715531402873014,-0.733324082422159,404,515.4079895019531,563.5920104980469,2.256011962890625,2.256011962890625
405,-0.009254939235386629,-0.7332916618127903,405,516.4980163574219,563.5719909667969,2.256011962890625,2.256011962890625
406,-0.0027265179043746424,-0.7332641339478232,406,517.5994873046875,563.5549926757812,2.2554931640625,2.25799560546875
407,0.00388510720056208,-0.7332795535059377,407,518.7149963378906,563.5645141601562,2.258026123046875,2.2554931640625
408,0.010541047359002196,-0.7332196050316019,408,519.8379821777344,563.5274963378906,2.256011962890625,2.257476806640625
409,0.01730099223484823,-0.7331977606576064,409,520.978515625,563.5140075683594,2.2554931640625,2.256011962890625
410,0.02410796533073868,-0.7330835471999066,410,522.1269836425781,563.4434814453125,2.256011962890625,2.2554931640625
411,0.03107827105239878,-0.7331216513002471,411,523.3030090332031,563.4670104980469,2.256011962890625,2.256011962890625
412,0.03804550185197905,-0.7329888552981529,412,524.478515625,563.385009765625,2.2554931640625,2.2559814453125
413,0.04515490257830898,-0.7329629089263259,413,525.6780090332031,563.3689880371094,2.256011962890625,2.256011962890625
414,0.0523650522221956,-0.7329126965191329,414,526.8945007324219,563.3379821777344,2.257476806640625,2.256011962890625
415,0.05964646770722645,-0.7328171644491486,415,528.1230163574219,563.2789916992188,2.256011962890625,2.2559814453125
416,0.06710261111749925,-0.7328171644491486,416,529.3810119628906,563.2789916992188,2.256011962890625,2.2559814453125
417,0.07460306958127544,-0.732710265397221,417,530.646484375,563.2129821777344,2.2554931640625,2.256011962890625
418,0.08226686067082127,-0.7326657364809996,418,531.9395141601562,563.1854858398438,2.2554931640625,2.2554931640625
419,0.0899984809238927,-0.7325515724449604,419,533.2439880371094,563.114990234375,2.256011962890625,2.2559814453125
420,0.09790519085774489,-0.7324851497330831,420,534.5780029296875,563.073974609375,2.25799560546875,2.25799560546875
421,0.10593037573055514,-0.7324001444768115,421,535.9320068359375,563.021484375,2.2559814453125,2.2554931640625
422,0.11408000450871367,-0.7323054031533971,422,537.3070068359375,562.9629821777344,2.2559814453125,2.256011962890625
423,0.12243710008837584,-0.7322552401678648,423,538.7170104980469,562.9320068359375,2.256011962890625,2.2559814453125
424,0.13088608157489404,-0.7321531844386783,424,540.1425170898438,562.8689880371094,2.2554931640625,2.256011962890625
425,0.13952154804166525,-0.7320746534199483,425,541.5994873046875,562.8204956054688,2.2554931640625,2.25750732421875
426,0.14829647126864515,-0.731960489383909,426,543.0799865722656,562.75,2.256011962890625,2.25799560546875
427,0.15722260831084475,-0.7318082706691901,427,544.5859985351562,562.656005859375,2.25799560546875,2.25799560546875
428,0.1663799071423396,-0.7317232654129185,428,546.1310119628906,562.603515625,2.256011962890625,2.2554931640625
429,0.17568516398920497,-0.7315588395480257,429,547.7009887695312,562.5019836425781,2.2559814453125,2.256011962890625
430,0.18524853341300643,-0.7314762559531246,430,549.3145141601562,562.4509887695312,2.2554931640625,2.2559814453125
431,0.19494792291939786,-0.7313118795098925,431,550.9509887695312,562.3494873046875,2.2559814453125,2.2554931640625
432,0.2049054250027254,-0.7311702370305468,432,552.6310119628906,562.2620239257812,2.256011962890625,2.25799560546875
433,0.21509083307549895,-0.7310341791988517,433,554.3494873046875,562.1780090332031,2.2554931640625,2.256011962890625
434,0.2254424678183526,-0.7308252738393981,434,556.0960083007812,562.0490112304688,2.2559814453125,2.2559814453125
435,0.23601025149564114,-0.7305661560727517,435,557.8789978027344,561.8890075683594,2.258026123046875,2.256011962890625
436,0.24701666376372855,-0.7304705745811066,436,559.7359924316406,561.8299865722656,2.256011962890625,2.256011962890625
437,0.25816542683633503,-0.7302495114931399,437,561.6170043945312,561.6934814453125,2.25799560546875,2.2554931640625
438,0.2696401316494032,-0.730047080371228,438,563.5530090332031,561.5684814453125,2.256011962890625,2.2554931640625
439,0.2814228713037623,-0.7298317007742329,439,565.5409851074219,561.4354858398438,2.256011962890625,2.2554931640625
440,0.2935080385885609,-0.729604212870385,440,567.5799865722656,561.2950134277344,2.256011962890625,2.256011962890625
441,0.3058836955710184,-0.7293256723911137,441,569.6679992675781,561.1230163574219,2.258026123046875,2.256011962890625
442,0.31860609523741884,-0.7290349247616684,442,571.8145141601562,560.9434814453125,2.2554931640625,2.2554931640625
443,0.3317106896305648,-0.7287248038412589,443,574.0255126953125,560.7519836425781,2.2554931640625,2.256011962890625
444,0.3452331116710285,-0.7284333148869043,444,576.3070068359375,560.5719909667969,2.2559814453125,2.256011962890625
445,0.35912307733891624,-0.7280980877628983,445,578.6505126953125,560.364990234375,2.2554931640625,2.2559814453125
446,0.3733863747228489,-0.7276996997566162,446,581.0570068359375,560.1189880371094,2.2559814453125,2.256011962890625
447,0.3882038815922281,-0.7273458900882159,447,583.5570068359375,559.9005126953125,2.2559814453125,2.2554931640625
448,0.403424384131834,-0.7269345041851898,448,586.125,559.646484375,2.25799560546875,2.2554931640625
449,0.41922568518898845,-0.7265361656005682,449,588.7909851074219,559.4005126953125,2.256011962890625,2.2554931640625
450,0.4354538577819307,-0.7260430362708717,450,591.5289916992188,559.0960083007812,2.2559814453125,2.2559814453125
451,0.4522628288924215,-0.7255361182978614,451,594.364990234375,558.7829895019531,2.2559814453125,2.256011962890625
452,0.4697001693738134,-0.7249984600519435,452,597.3070068359375,558.4509887695312,2.2559814453125,2.2559814453125
453,0.4877568353376365,-0.7244421698399707,453,600.353515625,558.1074829101562,2.2554931640625,2.2554931640625
454,0.5065098807136557,-0.7238405599652066,454,603.5175170898438,557.7359924316406,2.2554931640625,2.256011962890625
455,0.5259117346485184,-0.7231644222262229,455,606.7909851074219,557.3184814453125,2.256011962890625,2.2554931640625
456,0.5461228357236839,-0.7224810195031277,456,610.2009887695312,556.896484375,2.2559814453125,2.2554931640625
457,0.5670748121423184,-0.7217028754566183,457,613.7359924316406,556.4159851074219,2.256011962890625,2.256011962890625
458,0.5888861388433798,-0.7208680941870347,458,617.4159851074219,555.9005126953125,2.256011962890625,2.2554931640625
459,0.6115985985916,-0.7199701026135144,459,621.2480163574219,555.3460083007812,2.256011962890625,2.2559814453125
460,0.6353066095826067,-0.7190146336486893,460,625.2480163574219,554.7560119628906,2.256011962890625,2.256011962890625
461,0.6598828338667411,-0.7179068965474849,461,629.3945007324219,554.0719909667969,2.257476806640625,2.256011962890625
462,0.685709647048518,-0.7167781552405156,462,633.7519836425781,553.375,2.256011962890625,2.25799560546875
463,0.7125206161736092,-0.7154720395935703,463,638.2755126953125,552.5684814453125,2.2554931640625,2.2554931640625
464,0.7406738792254296,-0.7140996000780688,464,643.0255126953125,551.7210083007812,2.2554931640625,2.2559814453125
465,0.7700538553093316,-0.712561894529444,465,647.9824829101562,550.771484375,2.2554931640625,2.2554931640625
466,0.8009159438357104,-0.7109173887722129,466,653.1895141601562,549.7560119628906,2.2554931640625,2.256011962890625
467,0.8331677162644017,-0.7090630880656369,467,658.6310119628906,548.6109924316406,2.256011962890625,2.256011962890625
468,0.8668773635144699,-0.7069756159642415,468,664.3184814453125,547.3219909667969,2.2554931640625,2.256011962890625
469,0.9023802329703855,-0.7047246075878446,469,670.3085021972656,545.9320068359375,2.257476806640625,2.2559814453125
470,0.9394831471744277,-0.7021650597841781,470,676.5684814453125,544.3515014648438,2.2554931640625,2.25750732421875
471,0.9782606277675899,-0.6992775498406172,471,683.1109924316406,542.5684814453125,2.256011962890625,2.2554931640625
472,1.018836937777451,-0.6960257034149434,472,689.9570007324219,540.5604858398438,2.258026123046875,2.2554931640625
473,1.0613810170406324,-0.6923948916956122,473,697.135009765625,538.3184814453125,2.2559814453125,2.2554931640625
474,1.105554805006122,-0.6882069990177382,474,704.5879821777344,535.7324829101562,2.256011962890625,2.2554931640625
475,1.1514890763011973,-0.6834499170744689,475,712.3379821777344,532.7950134277344,2.256011962890625,2.256011962890625
476,1.1986504223838932,-0.6779081674254878,476,720.2950134277344,529.3730163574219,2.256011962890625,2.256011962890625
477,1.2470146056331095,-0.6715315376636019,477,728.4549865722656,525.4354858398438,2.256011962890625,2.2554931640625
478,1.2954026647478871,-0.6639849489297871,478,736.6189880371094,520.7755126953125,2.256011962890625,2.2554931640625
479,1.3431211143603399,-0.6551225084818844,479,744.6700134277344,515.3030090332031,2.256011962890625,2.256011962890625
480,1.3906288413714398,-0.6450705627952762,480,752.6854858398438,509.0959930419922,2.2554931640625,2.2559967041015625
481,1.4396421949350386,-0.6341830203816843,481,760.9549865722656,502.3730010986328,2.256011962890625,2.2559967041015625
482,1.4904040938954428,-0.6224614380234181,482,769.5195007324219,495.13499450683594,2.257476806640625,2.2559967041015625
483,1.5428076394909358,-0.6098151763948952,483,778.3609924316406,487.3260040283203,2.256011962890625,2.2559967041015625
484,1.5964530918511404,-0.5961130209871613,484,787.4120178222656,478.86500549316406,2.256011962890625,2.2559967041015625
485,1.650862933664836,-0.5812383613919766,485,796.5920104980469,469.67999267578125,2.256011962890625,2.25799560546875
486,1.7055690532648113,-0.5650973211649873,486,805.8219909667969,459.71299743652344,2.256011962890625,2.2559967041015625
487,1.7598633141838593,-0.5475870291196069,487,814.9824829101562,448.90049743652344,2.2554931640625,2.2555084228515625
488,1.8126286153181554,-0.5285965583385668,488,823.885009765625,437.1739959716797,2.2559814453125,2.2559967041015625
489,1.8630761487153398,-0.5081064861092423,489,832.396484375,424.52149963378906,2.2554931640625,2.2555084228515625
490,1.9096357144592364,-0.486053651549357,490,840.2519836425781,410.9040069580078,2.256011962890625,2.2559967041015625
491,1.952467389375766,-0.46259753835774153,491,847.478515625,396.4199981689453,2.2554931640625,2.2559967041015625
492,1.991526134900348,-0.4378750445343217,492,854.0684814453125,381.1540069580078,2.2554931640625,2.2559967041015625
493,2.0268660334860327,-0.412027812558443,493,860.031005859375,365.19349670410156,2.25799560546875,2.2555084228515625
494,2.0589222770460007,-0.3851992146675729,494,865.4395141601562,348.6269989013672,2.2554931640625,2.2559967041015625
495,2.0880237013650245,-0.3575163633728338,495,870.3494873046875,331.5330047607422,2.2554931640625,2.2559967041015625
496,2.113898085400154,-0.32907802786298085,496,874.7149963378906,313.9725036621094,2.258026123046875,2.25750732421875
497,2.137096382836987,-0.30000081854625404,497,878.6289978027344,296.0175018310547,2.258026123046875,2.2555084228515625
