wave,epsilon,s,f
S0,0.006,0.13299767333,0.00167563896609
S0,0.006,0.266001862131,0.00238273789713
S0,0.006,0.399006067519,0.00337232485992
S0,0.006,0.532001564602,0.00462591258216
S0,0.006,0.664997061685,0.00613250495566
S0,0.006,0.798009975379,0.00788815761049
S0,0.006,0.931005439287,0.00988894710177
S0,0.006,1.06400093637,0.0121376146096
S0,0.006,1.19699431029,0.0146372308837
S0,0.006,1.33000506764,0.0173912328615
S0,0.006,1.46300056472,0.0204085293788
S0,0.006,1.5959960618,0.0236961564799
S0,0.006,1.7290002506,0.0272666168759
S0,0.006,1.8620044394,0.0311334647611
S0,0.006,1.99499993649,0.035311609226
S0,0.006,2.12799556627,0.0398202385317
S0,0.006,2.26100831409,0.0446821662026
S0,0.006,2.39400381117,0.0499218954595
S0,0.006,2.52699930826,0.0555690927773
S0,0.006,2.65999480534,0.0616612819827
S0,0.006,2.79300330682,0.06823859207
S0,0.006,2.92599880391,0.0753544917462
S0,0.006,3.05899430099,0.0830696688567
S0,0.006,3.19199855614,0.0914626289181
S0,0.006,3.32500281129,0.100633490397
S0,0.006,3.45799830837,0.110716291249
S0,0.006,3.59099380546,0.121901310703
S0,0.006,3.72399806061,0.134490928658
S0,0.006,3.85700231576,0.149088366917
S0,0.006,3.98999781284,0.168469390808
S0,0.004,0.13299767333,-0.00224297223528
S0,0.004,0.266001862131,-0.000554175081301
S0,0.004,0.399006067519,0.00132149313695
S0,0.004,0.532001564602,0.0033743859763
S0,0.004,0.664997061685,0.00559939772715
S0,0.004,0.798009975379,0.00799274095736
S0,0.004,0.931005439287,0.0105545726047
S0,0.004,1.06400093637,0.0132857715209
S0,0.004,1.19699431029,0.0161885609914
S0,0.004,1.33000506764,0.0192648295009
S0,0.004,1.46300056472,0.0225190288516
S0,0.004,1.5959960618,0.025956646635
S0,0.004,1.7290002506,0.0295831652115
S0,0.004,1.8620044394,0.0334068081216
S0,0.004,1.99499993649,0.0374337587144
S0,0.004,2.12799556627,0.0416749817106
S0,0.004,2.26100831409,0.0461424776202
S0,0.004,2.39400381117,0.0508472111638
S0,0.004,2.52699930826,0.0558049598213
S0,0.004,2.65999480534,0.061034577053
S0,0.004,2.79300330682,0.0665559521089
S0,0.004,2.92599880391,0.0723935882101
S0,0.004,3.05899430099,0.0785793751167
S0,0.004,3.19199855614,0.0851494817592
S0,0.004,3.32500281129,0.0921561893486
S0,0.004,3.45799830837,0.0996637796059
S0,0.004,3.59099380546,0.107772703183
S0,0.004,3.72399806061,0.116643580681
S0,0.004,3.85700231576,0.126623192317
S0,0.004,3.98999781284,0.139476280058
S0,0.002,0.13299767333,-0.00602685757054
S0,0.002,0.266001862131,-0.00334622401204
S0,0.002,0.399006067519,-0.000564784076271
S0,0.002,0.532001564602,0.00231056743627
S0,0.002,0.664997061685,0.00527267416212
S0,0.002,0.798009975379,0.00832151517624
S0,0.002,0.931005439287,0.011455709426
S0,0.002,1.06400093637,0.014673917709
S0,0.002,1.19699431029,0.0179778244907
S0,0.002,1.33000506764,0.0213672728335
S0,0.002,1.46300056472,0.0248444860227
S0,0.002,1.5959960618,0.0284101493535
S0,0.002,1.7290002506,0.0320675219006
S0,0.002,1.8620044394,0.0358186595492
S0,0.002,1.99499993649,0.0396675066692
S0,0.002,2.12799556627,0.0436168044409
S0,0.002,2.26100831409,0.0476718678241
S0,0.002,2.39400381117,0.0518381791792
S0,0.002,2.52699930826,0.056121571361
S0,0.002,2.65999480534,0.0605295826149
S0,0.002,2.79300330682,0.0650707869757
S0,0.002,2.92599880391,0.069758037649
S0,0.002,3.05899430099,0.0746026498497
S0,0.002,3.19199855614,0.0796238275328
S0,0.002,3.32500281129,0.0848469266147
S0,0.002,3.45799830837,0.0903035020549
S0,0.002,3.59099380546,0.0960480583496
S0,0.002,3.72399806061,0.102172137315
S0,0.002,3.85700231576,0.108887607591
S0,0.002,3.98999781284,0.117376051222
S2,0.006,0.133000329779,0.0293122668764
S2,0.006,0.266000198846,0.0264996249918
S2,0.006,0.398997865242,0.0238472492607
S2,0.006,0.531995531637,0.0213303914092
S2,0.006,0.665004228204,0.018932110601
S2,0.006,0.797995269772,0.0166397581705
S2,0.006,0.93100393271,0.0144430478456
S2,0.006,1.06400378496,0.0123337863592
S2,0.006,1.19699933276,0.0103043830014
S2,0.006,1.32999918501,0.00834955826345
S2,0.006,1.46299903726,0.006463482111
S2,0.006,1.59599888952,0.00464164459651
S2,0.006,1.72899874177,0.00288014168654
S2,0.006,1.86199644179,0.00117517676732
S2,0.006,1.99499414182,-0.00047644086089
S2,0.006,2.12799392681,-0.00207767698789
S2,0.006,2.26099384632,-0.00363095526986
S2,0.006,2.39400250926,-0.0051386943277
S2,0.006,2.52699355083,-0.0066033127823
S2,0.006,2.66000006154,-0.00802635479133
S2,0.006,2.79299769431,-0.00940968677148
S2,0.006,2.92599761382,-0.0107546279705
S2,0.006,3.05899753333,-0.0120625563813
S2,0.006,3.19199745284,-0.0133348449614
S2,0.006,3.32499723783,-0.0145716598757
S2,0.006,3.4579948706,-0.0157739343324
S2,0.006,3.59099250337,-0.0169411211627
S2,0.006,3.72399242288,-0.0180720085385
S2,0.006,3.85700108582,-0.0191617004728
S2,0.006,3.98999212738,-0.0201768146265
S2,0.004,0.133000329779,0.0279757944172
S2,0.004,0.266000198846,0.0255398949067
S2,0.004,0.398997865242,0.0231968878101
S2,0.004,0.531995531637,0.0209332995125
S2,0.004,0.665004228204,0.0187402741856
S2,0.004,0.797995269772,0.0166113783986
S2,0.004,0.93100393271,0.0145414409017
S2,0.004,1.06400378496,0.0125258426492
S2,0.004,1.19699933276,0.0105615028788
S2,0.004,1.32999918501,0.00864512263185
S2,0.004,1.46299903726,0.00677416999329
S2,0.004,1.59599888952,0.0049460635343
S2,0.004,1.72899874177,0.00315882018716
S2,0.004,1.86199644179,0.00141068095486
S2,0.004,1.99499414182,-0.00030033303423
S2,0.004,2.12799392681,-0.00197516002375
S2,0.004,2.26099384632,-0.00361566643039
S2,0.004,2.39400250926,-0.00522295162726
S2,0.004,2.52699355083,-0.00679768027354
S2,0.004,2.66000006154,-0.00834105916203
S2,0.004,2.79299769431,-0.00985418766586
S2,0.004,2.92599761382,-0.0113372856597
S2,0.004,3.05899753333,-0.0127910715124
S2,0.004,3.19199745284,-0.0142157063537
S2,0.004,3.32499723783,-0.0156112489285
S2,0.004,3.4579948706,-0.0169772007426
S2,0.004,3.59099250337,-0.0183131220467
S2,0.004,3.72399242288,-0.0196156073016
S2,0.004,3.85700108582,-0.020878709822
S2,0.004,3.98999212738,-0.0220614070448
S2,0.002,0.133000329779,0.0270827228498
S2,0.002,0.266000198846,0.024900587611
S2,0.002,0.398997865242,0.0227712512356
S2,0.002,0.531995531637,0.020686465068
S2,0.002,0.665004228204,0.0186411661174
S2,0.002,0.797995269772,0.0166320575233
S2,0.002,0.93100393271,0.0146563883351
S2,0.002,1.06400378496,0.0127118490301
S2,0.002,1.19699933276,0.0107970079056
S2,0.002,1.32999918501,0.00891010680365
S2,0.002,1.46299903726,0.00705015628857
S2,0.002,1.59599888952,0.0052161618892
S2,0.002,1.72899874177,0.00340714088346
S2,0.002,1.86199644179,0.00162231615722
S2,0.002,1.99499414182,-0.000138966878126
S2,0.002,2.12799392681,-0.0018774803014
S2,0.002,2.26099384632,-0.00359311669295
S2,0.002,2.39400250926,-0.00528697039059
S2,0.002,2.52699355083,-0.00695882655502
S2,0.002,2.66000006154,-0.00860923235513
S2,0.002,2.79299769431,-0.0102379142065
S2,0.002,2.92599761382,-0.0118451456935
S2,0.002,3.05899753333,-0.0134308731064
S2,0.002,3.19199745284,-0.0149947104057
S2,0.002,3.32499723783,-0.0165356706733
S2,0.002,3.4579948706,-0.01805308925
S2,0.002,3.59099250337,-0.0195449872642
S2,0.002,3.72399242288,-0.0210080699533
S2,0.002,3.85700108582,-0.0224336933911
S2,0.002,3.98999212738,-0.0237738510582
P1,0.006,0.133002116961,-0.0206457713464
P1,0.006,0.266005578394,-0.0192640311497
P1,0.006,0.399009056846,-0.0179927338935
P1,0.006,0.532012484242,-0.0168117124907
P1,0.006,0.665007061949,-0.0157076311698
P1,0.006,0.798001571582,-0.0146707544719
P1,0.006,0.931005067052,-0.013693431202
P1,0.006,1.06400852849,-0.0127694225163
P1,0.006,1.19700307216,-0.0118936811851
P1,0.006,1.33000871197,-0.011061735471
P1,0.006,1.46300107726,-0.0102698498298
P1,0.006,1.59600671708,-0.00951482539854
P1,0.006,1.72900800012,-0.00879370163721
P1,0.006,1.86200472218,-0.00810405286775
P1,0.006,1.99500600523,-0.00744363503476
P1,0.006,2.12800272728,-0.00681040116919
P1,0.006,2.26100618872,-0.00620246318388
P1,0.006,2.39400965015,-0.0056182907792
P1,0.006,2.52700426189,-0.00505637427378
P1,0.006,2.66000758718,-0.00451544170269
P1,0.006,2.79300219892,-0.00399414196327
P1,0.006,2.92600566036,-0.0034913619725
P1,0.006,3.05900912179,-0.00300616814754
P1,0.006,3.19200373353,-0.00253754640337
P1,0.006,3.32500705882,-0.00208464320453
P1,0.006,3.45800167056,-0.00164654376718
P1,0.006,3.591005132,-0.0012225728432
P1,0.006,3.72400859343,-0.000812034869413
P1,0.006,3.85700320517,-0.000414214422395
P1,0.006,3.99000653046,-2.85152401652e-05
P1,0.004,0.133002116961,-0.0194116530641
P1,0.004,0.266005578394,-0.0183605097407
P1,0.004,0.399009056846,-0.0173680447821
P1,0.004,0.532012484242,-0.016423847178
P1,0.004,0.665007061949,-0.0155211201786
P1,0.004,0.798001571582,-0.0146553144247
P1,0.004,0.931005067052,-0.0138225937065
P1,0.004,1.06400852849,-0.0130199780784
P1,0.004,1.19700307216,-0.0122450030517
P1,0.004,1.33000871197,-0.0114955024958
P1,0.004,1.46300107726,-0.0107697287096
P1,0.004,1.59600671708,-0.0100660116139
P1,0.004,1.72900800012,-0.0093829406769
P1,0.004,1.86200472218,-0.00871918480772
P1,0.004,1.99500600523,-0.00807361060831
P1,0.004,2.12800272728,-0.00744526448399
P1,0.004,2.26100618872,-0.00683313371418
P1,0.004,2.39400965015,-0.0062363235269
P1,0.004,2.52700426189,-0.00565413835895
P1,0.004,2.66000758718,-0.00508572406847
P1,0.004,2.79300219892,-0.00453050425371
P1,0.004,2.92600566036,-0.00398776303643
P1,0.004,3.05900912179,-0.00345698496006
P1,0.004,3.19200373353,-0.00293771187464
P1,0.004,3.32500705882,-0.00242920895134
P1,0.004,3.45800167056,-0.00193117828657
P1,0.004,3.591005132,-0.00144302361835
P1,0.004,3.72400859343,-0.00096446660013
P1,0.004,3.85700320517,-0.000495030282953
P1,0.004,3.99000653046,-3.43373980865e-05
P1,0.002,0.133002116961,-0.0183491830371
P1,0.002,0.266005578394,-0.0175735724827
P1,0.002,0.399009056846,-0.016823754163
P1,0.002,0.532012484242,-0.0160935686749
P1,0.002,0.665007061949,-0.015379836561
P1,0.002,0.798001571582,-0.0146801533679
P1,0.002,0.931005067052,-0.0139929690873
P1,0.002,1.06400852849,-0.0133168131519
P1,0.002,1.19700307216,-0.0126506528294
P1,0.002,1.33000871197,-0.0119936724854
P1,0.002,1.46300107726,-0.011345058305
P1,0.002,1.59600671708,-0.0107042135713
P1,0.002,1.72900800012,-0.0100705027568
P1,0.002,1.86200472218,-0.00944340858559
P1,0.002,1.99500600523,-0.00882251444743
P1,0.002,2.12800272728,-0.00820750257853
P1,0.002,2.26100618872,-0.00759787510846
P1,0.002,2.39400965015,-0.00699343464768
P1,0.002,2.52700426189,-0.00639366331392
P1,0.002,2.66000758718,-0.00579844285539
P1,0.002,2.79300219892,-0.00520751433094
P1,0.002,2.92600566036,-0.00462054057133
P1,0.002,3.05900912179,-0.00403728204085
P1,0.002,3.19200373353,-0.00345762079091
P1,0.002,3.32500705882,-0.00288119842758
P1,0.002,3.45800167056,-0.00230795521854
P1,0.002,3.591005132,-0.00173767285276
P1,0.002,3.72400859343,-0.00117009314713
P1,0.002,3.85700320517,-0.000605017044451
P1,0.002,3.99000653046,-4.22462455446e-05
