group,group_path_index,energy_gev,phase_deg,pdf_path_index,pdf_x_pt,pdf_y_pt,pdf_radius_x_pt,pdf_radius_y_pt
light_pink,0,0.2791759198065637,-0.0008254147637281445,184,43.07200050354004,520.1620178222656,3.967000961303711,3.967010498046875
light_pink,1,0.27945035260624396,-0.0008254147637281445,185,43.29899978637695,520.1620178222656,3.966999053955078,3.967010498046875
light_pink,2,0.2800028477017662,0.0007333083954428304,186,43.75600051879883,520.1579895019531,3.966999053955078,3.967010498046875
light_pink,3,0.28083823827226323,0.0020912869053266343,187,44.44700050354004,520.1544799804688,3.967000961303711,3.96649169921875
light_pink,4,0.2819528971274794,0.003626393046934413,188,45.36899948120117,520.1505126953125,3.966999053955078,3.96649169921875
light_pink,5,0.28336012703956015,0.008278945506884142,189,46.53300094604492,520.1384887695312,3.966999053955078,3.96649169921875
light_pink,6,0.2850653630291239,0.013498306388350588,190,47.94350051879883,520.125,3.9664993286132812,3.968994140625
light_pink,7,0.2870722345923323,0.02027639042898801,191,49.60350036621094,520.1074829101562,3.9664993286132812,3.96649169921875
light_pink,8,0.2893982689212599,0.03168340991201196,192,51.52749824523926,520.0780029296875,3.9685001373291016,3.968994140625
light_pink,9,0.2920501231667448,0.04368085483411583,193,53.72100067138672,520.0469970703125,3.966999053955078,3.968994140625
light_pink,10,0.2950483406460072,0.061098405286973315,194,56.20100021362305,520.0019836425781,3.966999053955078,3.967010498046875
light_pink,11,0.2984062241311928,0.08081861495224248,195,58.97850036621094,519.9510192871094,3.9664993286132812,3.967010498046875
light_pink,12,0.30213949067810725,0.10636041944683958,196,62.06650161743164,519.885009765625,3.9685020446777344,3.96697998046875
light_pink,13,0.3062741301541198,0.13441743631191713,197,65.48650169372559,519.8125,3.966501235961914,3.968505859375
light_pink,14,0.3108361324265994,0.1713662602895382,198,69.2599983215332,519.7170104980469,3.966999053955078,3.967010498046875
light_pink,15,0.31585331364052655,0.2121882751475235,199,73.40999984741211,519.6115112304688,3.9689979553222656,3.96649169921875
light_pink,16,0.32135770513718614,0.2621146502761211,200,77.9630012512207,519.4824829101562,3.966999053955078,3.96649169921875
light_pink,17,0.32738315761775627,0.32112176865776776,201,82.94700241088867,519.3299865722656,3.966999053955078,3.967010498046875
light_pink,18,0.33397620887863866,0.3876745241508558,202,88.40049743652344,519.1579895019531,3.9664993286132812,3.967010498046875
light_pink,19,0.3411852322174703,0.4706765323767102,203,94.36349868774414,518.9434814453125,3.9685020446777344,3.96649169921875
light_pink,20,0.349064623958556,0.5567605613945618,204,100.88100051879883,518.7210083007812,3.966999053955078,3.96697998046875
light_pink,21,0.35767362282895715,0.6747866066666367,205,108.00200271606445,518.4159851074219,3.966999053955078,3.967010498046875
light_pink,22,0.36709503852763214,0.7866131848283726,206,115.79500198364258,518.1269836425781,3.966999053955078,3.967010498046875
light_pink,23,0.3774038314492605,0.9529950735610926,207,124.32200241088867,517.6969909667969,3.966999053955078,3.967010498046875
light_pink,24,0.38870517396991394,1.1048643050012283,208,133.6699981689453,517.3045043945312,3.9669952392578125,3.968505859375
light_pink,25,0.40111573571335307,1.3360630984361412,209,143.93549346923828,516.7070007324219,3.9664993286132812,3.969024658203125
light_pink,26,0.4147636743274032,1.554485085369365,210,155.22449493408203,516.1425170898438,3.9664993286132812,3.96649169921875
light_pink,27,0.4298122018440386,1.873338439490082,211,167.67200469970703,515.3184814453125,3.9690017700195312,3.96649169921875
light_pink,28,0.44645169386879496,2.210548120511794,212,181.43549346923828,514.4470062255859,3.9664993286132812,3.9669952392578125
light_pink,29,0.464907059256584,2.6578544331587373,213,196.70099639892578,513.2910003662109,3.9670028686523438,3.9669952392578125
light_pink,30,0.4854569436974846,3.2185283343634152,214,213.6989974975586,511.8420104980469,3.9690017700195312,3.967010498046875
light_pink,31,0.5084295790858082,3.894134451539389,215,232.70099639892578,510.0959930419922,3.9670028686523438,3.9669952392578125
light_pink,32,0.534243266007148,4.88586025305314,216,254.05299377441406,507.5330047607422,3.9669952392578125,3.9669952392578125
light_pink,33,0.563397316139317,6.1085959118613,217,278.1679992675781,504.3730010986328,3.968994140625,3.9669952392578125
light_pink,34,0.5965421333497735,8.045622362613948,218,305.58399963378906,499.36700439453125,3.9669952392578125,3.968994140625
light_pink,35,0.6344967939235353,11.119099698507616,219,336.97850036621094,491.4239959716797,3.9665069580078125,3.9669952392578125
light_pink,36,0.6783239700633622,16.224207353257707,220,373.2304992675781,478.2304992675781,3.968505859375,3.968505859375
light_pink,37,0.7294284750917686,31.120670702515913,221,415.5019989013672,439.7324981689453,3.9669952392578125,3.9665069580078125
light_pink,38,0.7897017238547974,74.61982801190372,222,465.3574981689453,327.3144989013672,3.9665069580078125,3.9665069580078125
light_pink,39,0.8617623032909927,123.16585931498516,223,524.9629821777344,201.85350036621094,3.967010498046875,3.9665069580078125
light_pink,40,0.9493266329974862,153.45755233135512,224,597.3925170898438,123.56850051879883,3.96649169921875,3.966503143310547
light_pink,41,1.0578566665755371,163.72658434703285,225,687.1640014648438,97.02950286865234,3.968994140625,3.9664993286132812
light_pink,42,1.1957420651097113,168.67459602914334,226,801.2170104980469,84.24200057983398,3.967010498046875,3.9689979553222656
pink,0,0.2791759198065637,-0.0008254147637281445,411,43.07200050354004,520.1620178222656,3.967000961303711,3.967010498046875
pink,1,0.27945035260624396,-0.0008254147637281445,412,43.29899978637695,520.1620178222656,3.966999053955078,3.967010498046875
pink,2,0.2800028477017662,0.0007333083954428304,413,43.75600051879883,520.1579895019531,3.966999053955078,3.967010498046875
pink,3,0.28083823827226323,0.0020912869053266343,414,44.44700050354004,520.1544799804688,3.967000961303711,3.96649169921875
pink,4,0.2819528971274794,0.004405754626519901,415,45.36899948120117,520.1484985351562,3.966999053955078,3.968505859375
pink,5,0.28336012703956015,0.008278945506884142,416,46.53300094604492,520.1384887695312,3.966999053955078,3.96649169921875
pink,6,0.2850653630291239,0.014265859459154477,417,47.94350051879883,520.1230163574219,3.9664993286132812,3.967010498046875
pink,7,0.2870722345923323,0.02181149657059579,418,49.60350036621094,520.103515625,3.9664993286132812,3.96649169921875
pink,8,0.2893982689212599,0.034588303072285144,419,51.52749824523926,520.0704956054688,3.9685001373291016,3.968505859375
pink,9,0.2920501231667448,0.046774684134894585,420,53.72100067138672,520.0390014648438,3.966999053955078,3.968994140625
pink,10,0.2950483406460072,0.06708531923924366,421,56.20100021362305,519.9865112304688,3.966999053955078,3.96649169921875
pink,11,0.2984062241311928,0.08527042276290503,422,58.97850036621094,519.9395141601562,3.9664993286132812,3.96649169921875
pink,12,0.30213949067810725,0.11701169436784124,423,62.06650161743164,519.8574829101562,3.9685020446777344,3.96649169921875
pink,13,0.3062741301541198,0.14274243500294392,424,65.48650169372559,519.7909851074219,3.966501235961914,3.967010498046875
pink,14,0.3108361324265994,0.1887838107423957,425,69.2599983215332,519.6719970703125,3.966999053955078,3.968994140625
pink,15,0.31585331364052655,0.22592157086052234,426,73.40999984741211,519.5760192871094,3.9689979553222656,3.967010498046875
pink,16,0.32135770513718614,0.2893804970528316,427,77.9630012512207,519.4120178222656,3.966999053955078,3.967010498046875
pink,17,0.32738315761775627,0.34219995683292076,428,82.94700241088867,519.2755126953125,3.966999053955078,3.96649169921875
pink,18,0.33397620887863866,0.4269378158496701,429,88.40049743652344,519.0565185546875,3.9664993286132812,3.96649169921875
pink,19,0.3411852322174703,0.5023941869640832,430,94.36349868774414,518.8615112304688,3.9685020446777344,3.96649169921875
pink,20,0.349064623958556,0.6144215097751062,431,100.88100051879883,518.5719909667969,3.966999053955078,3.967010498046875
pink,21,0.35767362282895715,0.7223748970564778,432,108.00200271606445,518.2929992675781,3.966999053955078,3.969024658203125
pink,22,0.36709503852763214,0.8682572145443432,433,115.79500198364258,517.9159851074219,3.966999053955078,3.967010498046875
pink,23,0.3774038314492605,1.0224409137056722,434,124.32200241088867,517.5175170898438,3.966999053955078,3.96649169921875
pink,24,0.38870517396991394,1.2188164147436518,435,133.6699981689453,517.010009765625,3.9669952392578125,3.96697998046875
pink,25,0.40111573571335307,1.4366715932553586,436,143.93549346923828,516.4469909667969,3.9664993286132812,3.967010498046875
pink,26,0.4147636743274032,1.7131442093589198,437,155.22449493408203,515.7324829101562,3.9664993286132812,3.96649169921875
pink,27,0.4298122018440386,2.015524693729307,438,167.67200469970703,514.9510192871094,3.9690017700195312,3.967010498046875
pink,28,0.44645169386879496,2.4326484579304855,439,181.43549346923828,513.8730163574219,3.9664993286132812,3.967010498046875
pink,29,0.464907059256584,2.8588765824022757,440,196.70099639892578,512.771484375,3.9670028686523438,3.96649169921875
pink,30,0.4854569436974846,3.5315659979091953,441,213.6989974975586,511.0330047607422,3.9690017700195312,3.9669952392578125
pink,31,0.5084295790858082,4.1715635568542595,442,232.70099639892578,509.37901306152344,3.9670028686523438,3.9690093994140625
pink,32,0.534243266007148,5.3300727363993055,443,254.05299377441406,506.38499450683594,3.9669952392578125,3.9669952392578125
pink,33,0.563397316139317,6.475805109442661,444,278.1679992675781,503.4239959716797,3.968994140625,3.9669952392578125
pink,34,0.5965421333497735,8.656990192018027,445,305.58399963378906,497.78700256347656,3.9669952392578125,3.9669952392578125
pink,35,0.6344967939235353,11.498495277151589,446,336.97850036621094,490.44349670410156,3.9665069580078125,3.9665069580078125
pink,36,0.6783239700633622,16.789527902667945,447,373.2304992675781,476.7695007324219,3.968505859375,3.968505859375
pink,37,0.7294284750917686,29.820742821802448,448,415.5019989013672,443.0919952392578,3.9669952392578125,3.9669952392578125
pink,38,0.7897017238547974,68.36085782581414,449,465.3574981689453,343.49000549316406,3.9665069580078125,3.9669952392578125
pink,39,0.8617623032909927,113.42422629882915,450,524.9629821777344,227.02950286865234,3.967010498046875,3.9664993286132812
pink,40,0.9493266329974862,149.16579557265473,451,597.3925170898438,134.65999603271484,3.96649169921875,3.9690017700195312
pink,41,1.0578566665755371,164.51865483419454,452,687.1640014648438,94.98249816894531,3.968994140625,3.9664993286132812
pink,42,1.1957420651097113,169.09017140263055,453,801.2170104980469,83.16799926757812,3.967010498046875,3.9690017700195312
red,0,0.2791759198065637,0.0007333083954428304,638,43.07200050354004,520.1579895019531,3.967000961303711,3.967010498046875
red,1,0.27945035260624396,-4.6053184142657056e-05,639,43.29899978637695,520.1600036621094,3.966999053955078,3.969024658203125
red,2,0.2800028477017662,0.0007333083954428304,640,43.75600051879883,520.1579895019531,3.966999053955078,3.967010498046875
red,3,0.28083823827226323,0.0020912869053266343,641,44.44700050354004,520.1544799804688,3.967000961303711,3.96649169921875
red,4,0.2819528971274794,0.005185116206105388,642,45.36899948120117,520.146484375,3.966999053955078,3.96649169921875
red,5,0.28336012703956015,0.009625115507986347,643,46.53300094604492,520.135009765625,3.966999053955078,3.96697998046875
red,6,0.2850653630291239,0.015824582618325454,644,47.94350051879883,520.1189880371094,3.9664993286132812,3.967010498046875
red,7,0.2870722345923323,0.026263304381258346,645,49.60350036621094,520.0920104980469,3.9664993286132812,3.967010498046875
red,8,0.2893982689212599,0.03690277079347841,646,51.52749824523926,520.0645141601562,3.9685001373291016,3.96649169921875
red,9,0.2920501231667448,0.05508787431713978,647,53.72100067138672,520.0175170898438,3.966999053955078,3.96649169921875
red,10,0.2950483406460072,0.0709585101196079,648,56.20100021362305,519.9765014648438,3.966999053955078,3.968505859375
red,11,0.2984062241311928,0.10036169698578765,649,58.97850036621094,519.9005126953125,3.9664993286132812,3.96649169921875
red,12,0.30213949067810725,0.12455733147928255,650,62.06650161743164,519.8379821777344,3.9685020446777344,3.967010498046875
red,13,0.3062741301541198,0.16537934633726786,651,65.48650169372559,519.7324829101562,3.966501235961914,3.96649169921875
red,14,0.3108361324265994,0.20309572338569282,652,69.2599983215332,519.635009765625,3.966999053955078,3.96697998046875
red,15,0.31585331364052655,0.2592097571158479,653,73.40999984741211,519.489990234375,3.9689979553222656,3.96697998046875
red,16,0.32135770513718614,0.3149223015474287,654,77.9630012512207,519.3460083007812,3.966999053955078,3.96697998046875
red,17,0.32738315761775627,0.3876745241508558,655,82.94700241088867,519.1579895019531,3.966999053955078,3.967010498046875
red,18,0.33397620887863866,0.472211638518318,656,88.40049743652344,518.9395141601562,3.9664993286132812,3.96649169921875
red,19,0.3411852322174703,0.5621806669253154,657,94.36349868774414,518.7070007324219,3.9685020446777344,3.969024658203125
red,20,0.349064623958556,0.6883191577303484,658,100.88100051879883,518.3810119628906,3.966999053955078,3.967010498046875
red,21,0.35767362282895715,0.8009250974716697,659,108.00200271606445,518.0899963378906,3.966999053955078,3.969024658203125
red,22,0.36709503852763214,0.9831776220068578,660,115.79500198364258,517.6189880371094,3.966999053955078,3.967010498046875
red,23,0.3774038314492605,1.1319530241462148,661,124.32200241088867,517.2344970703125,3.966999053955078,3.968505859375
red,24,0.38870517396991394,1.3852101119851534,662,133.6699981689453,516.5799865722656,3.9669952392578125,3.967010498046875
red,25,0.40111573571335307,1.598223801896405,663,143.93549346923828,516.0294799804688,3.9664993286132812,3.96649169921875
red,26,0.4147636743274032,1.9367973656823914,664,155.22449493408203,515.1544799804688,3.9664993286132812,3.96649169921875
red,27,0.4298122018440386,2.2724542277993227,665,167.67200469970703,514.2870178222656,3.9690017700195312,3.967010498046875
red,28,0.44645169386879496,2.7228543697470453,666,181.43549346923828,513.1230163574219,3.9664993286132812,3.967010498046875
red,29,0.464907059256584,3.2746364638391796,667,196.70099639892578,511.69700622558594,3.9670028686523438,3.9669952392578125
red,30,0.4854569436974846,3.905553279531195,668,213.6989974975586,510.0664825439453,3.9690017700195312,3.9684906005859375
red,31,0.5084295790858082,4.832851857132546,669,232.70099639892578,507.6699981689453,3.9670028686523438,3.9669952392578125
red,32,0.534243266007148,5.844120740679842,670,254.05299377441406,505.05650329589844,3.9669952392578125,3.9665069580078125
red,33,0.563397316139317,7.489394364965542,671,278.1679992675781,500.80450439453125,3.968994140625,3.968505859375
red,34,0.5965421333497735,9.461828629299813,672,305.58399963378906,495.7070007324219,3.9669952392578125,3.968994140625
red,35,0.6344967939235353,13.000212860179397,673,336.97850036621094,486.5625,3.9665069580078125,3.968505859375
red,36,0.6783239700633622,18.669094149689336,674,373.2304992675781,471.91200256347656,3.968505859375,3.9669952392578125
red,37,0.7294284750917686,31.09803379118159,675,415.5019989013672,439.79100036621094,3.9669952392578125,3.9669952392578125
red,38,0.7897017238547974,67.24975980902721,676,465.3574981689453,346.3614959716797,3.9665069580078125,3.9665069580078125
red,39,0.8617623032909927,111.65358468893643,677,524.9629821777344,231.60549926757812,3.967010498046875,3.968505859375
red,40,0.9493266329974862,149.62896366472256,678,597.3925170898438,133.46299743652344,3.96649169921875,3.9669952392578125
red,41,1.0578566665755371,167.96494598115,679,687.1640014648438,86.07600021362305,3.968994140625,3.966999053955078
red,42,1.1957420651097113,173.38812024812327,680,801.2170104980469,72.06050109863281,3.967010498046875,3.9664993286132812
