model_M,model_L,energy_gev,phase_deg
50,8,0.279176003454,0.185326624151
50,8,0.279450725298,0.554119233198
50,8,0.280002452694,0.932676295392
50,8,0.280834626489,1.30425063818
50,8,0.281951820648,1.71025603234
50,8,0.283360905948,2.09021815392
50,8,0.285061880206,2.54039066754
50,8,0.287071912716,2.93755412228
50,8,0.289396730218,3.44888220074
50,8,0.292051213933,3.87743950776
50,8,0.295046804236,4.46248353047
50,8,0.298401821011,4.9484637698
50,8,0.302138009705,5.62141625587
50,8,0.306273692385,6.19577331169
50,8,0.31083747654,6.97404848207
50,8,0.315853976443,7.68069400851
50,8,0.321355814632,8.58617672766
50,8,0.327383626272,9.48002158114
50,8,0.33397690686,10.5501233294
50,8,0.341183727804,11.7011508217
50,8,0.34906246122,12.9916907768
50,8,0.357674933168,14.4859288624
50,8,0.36709324858,16.0836587974
50,8,0.377404402344,18.0310853069
50,8,0.388705694416,20.0601542826
50,8,0.401113873394,22.5979895871
50,8,0.414760582195,25.2213915893
50,8,0.429810667024,28.5075132712
50,8,0.446450675869,31.9010581304
50,8,0.464906132592,36.0749715564
50,8,0.485456898472,40.3321382996
50,8,0.508430919301,45.4096681285
50,8,0.534239708007,50.3737216709
50,8,0.563396666729,56.1134957303
50,8,0.596542770892,61.2054451587
50,8,0.634496452741,67.2075182599
50,8,0.678324584066,71.4949079725
50,8,0.729427082583,77.824849554
50,8,0.789701199222,80.3010609405
50,8,0.861761959319,88.5349573454
50,8,0.949326664031,88.8109734571
50,8,1.05785701854,104.294231216
50,8,1.19574009318,102.888348659
50,10,0.279176003454,0.180671477883
50,10,0.279450725298,0.541331773481
50,10,0.280002452694,0.907569729088
50,10,0.280834626489,1.27705777157
50,10,0.281951820648,1.6595745466
50,10,0.283360905948,2.04930112133
50,10,0.285061880206,2.46062871015
50,10,0.287071912716,2.88129497654
50,10,0.289396730218,3.3361084439
50,10,0.292051213933,3.79930969006
50,10,0.295046804236,4.31553418761
50,10,0.298401821011,4.83966391831
50,10,0.302138009705,5.43633161417
50,10,0.306273692385,6.04137289631
50,10,0.31083747654,6.74407290243
50,10,0.315853976443,7.4600287214
50,10,0.321355814632,8.30109159632
50,10,0.327383626272,9.16936153037
50,10,0.33397690686,10.1906410129
50,10,0.341183727804,11.2639928481
50,10,0.34906246122,12.5210526506
50,10,0.357674933168,13.8799579703
50,10,0.36709324858,15.4458256998
50,10,0.377404402344,17.1925841817
50,10,0.388705694416,19.1672390391
50,10,0.401113873394,21.4409160817
50,10,0.414760582195,23.9452641373
50,10,0.429810667024,26.9144455788
50,10,0.446450675869,30.0752331245
50,10,0.464906132592,33.9129115804
50,10,0.485456898472,37.7943029951
50,10,0.508430919301,42.5911686624
50,10,0.534239708007,47.0429574201
50,10,0.563396666729,52.6915871217
50,10,0.596542770892,57.1543041191
50,10,0.634496452741,63.3544905947
50,10,0.678324584066,66.795012692
50,10,0.729427082583,73.4495584743
50,10,0.789701199222,74.5484994214
50,10,0.861761959319,82.4782430456
50,10,0.949326664031,80.2175805431
50,10,1.05785701854,94.166605698
50,10,1.19574009318,88.5549546049
50,12,0.279176003454,0.18438991789
50,12,0.279450725298,0.54946408693
50,12,0.280002452694,0.921989328503
50,12,0.280834626489,1.29450037756
50,12,0.281951820648,1.68839955291
50,12,0.283360905948,2.0737122542
50,12,0.285061880206,2.5041145887
50,12,0.287071912716,2.91010579033
50,12,0.289396730218,3.39795944218
50,12,0.292051213933,3.83139897577
50,12,0.295046804236,4.39552322531
50,12,0.298401821011,4.86941143836
50,12,0.302138009705,5.53445869129
50,12,0.306273692385,6.07019790262
50,12,0.31083747654,6.85616541835
50,12,0.315853976443,7.48910919306
50,12,0.321355814632,8.41549749286
50,12,0.327383626272,9.20238752233
50,12,0.33397690686,10.28504965
50,12,0.341183727804,11.3077199995
50,12,0.34906246122,12.5619838757
50,12,0.357674933168,13.9380905285
50,12,0.36709324858,15.3835063484
50,12,0.377404402344,17.2590903262
50,12,0.388705694416,18.9330766664
50,12,0.401113873394,21.4809106005
50,12,0.414760582195,23.4481214817
50,12,0.429810667024,26.8463143908
50,12,0.446450675869,29.1962620311
50,12,0.464906132592,33.5806221305
50,12,0.485456898472,36.3916847166
50,12,0.508430919301,41.7663846069
50,12,0.534239708007,45.0153006
50,12,0.563396666729,51.1247968784
50,12,0.596542770892,54.6192576447
50,12,0.634496452741,60.8919962779
50,12,0.678324584066,64.3864570441
50,12,0.729427082583,70.2122732506
50,12,0.789701199222,73.6439534085
50,12,0.861761959319,79.6134688709
50,12,0.949326664031,82.8870301735
50,12,1.05785701854,96.5737562865
50,12,1.19574009318,95.7905988895
45,10,0.279182300027,0.209979029843
45,10,0.279523983001,0.61318849773
45,10,0.28020620491,1.03172588625
45,10,0.281236404183,1.44518235294
45,10,0.282618017299,1.89931457939
45,10,0.284364777075,2.3243805267
45,10,0.28648126621,2.83850453142
45,10,0.288985795857,3.28542695816
45,10,0.291894393456,3.8886090203
45,10,0.295223082084,4.36621567335
45,10,0.298999338292,5.09311392456
45,10,0.303244900977,5.62072082243
45,10,0.307997556126,6.51340188935
45,10,0.313287061817,7.11286551148
45,10,0.319155764906,8.22669441115
45,10,0.325655182014,8.93497207728
45,10,0.332836249013,10.3413229883
45,10,0.340768210742,11.2114521424
45,10,0.349521473541,13.0061103762
45,10,0.359185892393,14.1199392759
45,10,0.369863343403,16.4261739573
45,10,0.381676290992,17.9073833103
45,10,0.394764412537,20.8842358084
45,10,0.409295951426,22.9016669185
45,10,0.425480388795,26.7435392637
45,10,0.443558103528,29.4906432624
45,10,0.463828999396,34.3954075563
45,10,0.486663954162,37.9868387093
45,10,0.512521962683,44.0454122292
45,10,0.541978816442,48.2962987826
45,10,0.575773930493,55.3466171528
45,10,0.614857432397,59.5442462782
45,10,0.660501002867,67.3330794765
45,10,0.714403336817,70.3922485854
45,10,0.778920732432,79.6125392609
45,10,0.85739274888,81.119337726
45,10,0.954743184091,98.5572459871
45,10,1.07851484363,96.317510354
60,10,0.279162268454,0.154401125013
60,10,0.279354573744,0.459710596085
60,10,0.279739179959,0.767588913116
60,10,0.280316091465,1.08103069764
60,10,0.281088742557,1.39681424781
60,10,0.282059419128,1.72491690457
60,10,0.283230985637,2.05370080225
60,10,0.284608590255,2.40249615188
60,10,0.286195099624,2.7512915015
60,10,0.288001954121,3.13102654278
60,10,0.290027442055,3.50539681184
60,10,0.292285868263,3.92860353915
60,10,0.294784673355,4.33367222704
60,10,0.29753073029,4.81313810009
60,10,0.300535479443,5.25634208683
60,10,0.303812657998,5.81233402292
60,10,0.307373715065,6.30086891569
60,10,0.311236963976,6.95591044265
60,10,0.315416141916,7.49979615994
60,10,0.319931850294,8.28482696942
60,10,0.324805838923,8.89335961126
60,10,0.330059857617,9.84789167645
60,10,0.335717944264,10.5347812163
60,10,0.341814437457,11.7109152748
60,10,0.348379095272,12.4931501581
60,10,0.35544741344,13.952510128
60,10,0.363065166563,14.8584470077
60,10,0.371276426285,16.6821857132
60,10,0.380132137211,17.7460072718
60,10,0.389695828359,20.0313150838
60,10,0.400033884471,21.3027944857
60,10,0.411223567383,24.160585941
60,10,0.423358749307,25.7008716548
60,10,0.436540157945,29.2534649794
60,10,0.450883969877,31.116495674
60,10,0.466536141587,35.479928904
60,10,0.483654628859,37.6743194385
60,10,0.502438590291,42.9262469423
60,10,0.523110126365,45.3487467402
60,10,0.545949657282,51.4847475481
60,10,0.571279976295,53.8570271171
60,10,0.599507452531,60.7859568713
60,10,0.631126572211,62.6806155948
60,10,0.666747447945,70.3141187677
60,10,0.707142139156,71.3874847954
60,10,0.753297941527,79.8022861452
60,10,0.806490605399,80.2892030908
60,10,0.868405586292,90.089889739
60,10,0.941317981921,91.73573941
60,10,1.02836642003,108.382577945
60,10,1.13400824563,106.400017854
