id,group,wave,kind,count,rms,max_abs,bias,modulo_180_rms,modulo_180_max_abs
C1_0.006_S0,C1,S0,direct_coordinate,30,0.0039988219233629664,0.006243647738264704,-0.003241831943079525,,
C1_0.006_S2,C1,S2,direct_coordinate,30,0.0012729491223583051,0.002379898383944992,-0.00012556129777499593,,
C1_0.006_P1,C1,P1,direct_coordinate,29,0.0009745111537407802,0.001315926936600596,0.000892669326580635,,
C1_0.004_S0,C1,S0,direct_coordinate,30,0.001840925189516644,0.0042289257003690905,-0.0010382847463761208,,
C1_0.004_S2,C1,S2,direct_coordinate,30,0.0004346894670084879,0.0010317245018518946,-0.0001711073388831902,,
C1_0.004_P1,C1,P1,direct_coordinate,29,0.0004176894182439196,0.0005669839455889059,0.0003863905505184641,,
C1_0.002_S0,C1,S0,direct_coordinate,30,0.0015481785014498106,0.005039366866946254,0.000681490486324074,,
C1_0.002_S2,C1,S2,direct_coordinate,30,0.0005694284711377146,0.0012544950112332205,-0.00027734354365743785,,
C1_0.002_P1,C1,P1,direct_coordinate,29,0.00024959107395654,0.0006831847942798605,-2.127281380076857e-05,,
C3_paper_bootstrap_S0,C3,S0,direct_coordinate,41,6.100650406923405,13.211485937548431,4.198056665171809,6.100650406923405,13.211485937548431
C3_paper_bootstrap_S0,C3,S0,same_native_s,43,6.157129733735919,13.694056449893253,4.238010298802852,6.1571297337359185,13.694056449893253
C3_paper_bootstrap_S2,C3,S2,direct_coordinate,41,0.6380833344266816,2.740854137556944,0.23734454533061952,0.6380833344266813,2.740854137556937
C3_paper_bootstrap_S2,C3,S2,same_native_s,43,0.5849750967375003,2.653957763848247,0.17198978655491226,0.5849750967375003,2.65395776384824
C3_paper_bootstrap_P1,C3,P1,direct_coordinate,41,2.8562004687670175,12.108905641013616,-1.179485233085045,2.856200468767018,12.10890564101362
C3_paper_bootstrap_P1,C3,P1,same_native_s,43,2.7799407011914066,12.061470194143531,-1.1129587424008445,2.7799407011914066,12.061470194143538
C3_phenomenology_S0,C3,S0,direct_coordinate,89,7.342048970264373,15.86476818626295,0.885016627795989,7.342048970264373,15.86476818626295
C3_phenomenology_S2,C3,S2,direct_coordinate,94,1.9097353305103995,3.414535566035596,-0.6296700209649317,1.9097353305104,3.414535566035596
C3_phenomenology_P1,C3,P1,direct_coordinate,183,85.69935374679439,147.21216866029525,-62.47449006889989,38.63128974034859,89.02571563041052
E_original_tip_S0,E_original,S0,direct_coordinate,41,22.45428091890962,75.2197243518253,10.47036504182449,22.45428091890962,75.2197243518253
E_original_tip_S0,E_original,S0,same_native_s,43,22.145107356808456,76.15594387213696,10.297062993719337,22.14510735680846,76.15594387213696
E_original_tip_S2,E_original,S2,direct_coordinate,41,1.5629092219762566,4.041581869902323,-1.1130999059534739,1.562909221976257,4.0415818699023305
E_original_tip_S2,E_original,S2,same_native_s,43,1.588902662707765,4.1722830160973245,-1.1293235525903127,1.5889026627077654,4.1722830160973245
E_original_tip_P1,E_original,P1,direct_coordinate,41,3.8646538487412068,14.126335424970549,1.6733631670239282,3.864653848741207,14.126335424970549
E_original_tip_P1,E_original,P1,same_native_s,43,4.171445850530909,16.049727338859512,1.7672290879174126,4.171445850530909,16.049727338859512
E_original_mid_S0,E_original,S0,direct_coordinate,41,19.143297593091713,110.68413954259486,7.941886474621989,13.595918789457409,69.31586045740514
E_original_mid_S0,E_original,S0,same_native_s,43,19.07287145515022,112.52384985245499,7.891300105513591,13.236414141982875,67.47615014754501
E_original_mid_S2,E_original,S2,direct_coordinate,41,0.4959602246310219,2.0335566199528614,-0.16632494354679875,0.49596022463102174,2.0335566199528614
E_original_mid_S2,E_original,S2,same_native_s,43,0.5078551513247307,2.0196250729768686,-0.20886357894755297,0.5078551513247301,2.019625072976865
E_original_mid_P1,E_original,P1,direct_coordinate,41,53.26806413467924,176.49555367629682,-18.084639821614545,15.528700072013235,83.00472029431134
E_original_mid_P1,E_original,P1,same_native_s,43,52.038165189364385,176.43699515832128,-17.241158240566477,15.312781004621568,83.53709540407021
E_original_ref_S0,E_original,S0,direct_coordinate,41,9.165752329437552,21.33424527777315,6.100440506413866,9.165752329437552,21.33424527777315
E_original_ref_S0,E_original,S0,same_native_s,43,9.216612888802604,21.96380332528379,6.0863043878787915,9.216612888802603,21.96380332528379
E_original_ref_S2,E_original,S2,direct_coordinate,41,1.6528593945542438,5.911864855082785,0.7914163379050926,1.652859394554243,5.911864855082783
E_original_ref_S2,E_original,S2,same_native_s,43,1.6060686638080275,5.909627004461537,0.7205994608866206,1.6060686638080284,5.909627004461541
E_original_ref_P1,E_original,P1,direct_coordinate,41,23.997561491225664,107.74593520399425,7.968901109433118,20.495487061310097,88.52565775145558
E_original_ref_P1,E_original,P1,same_native_s,43,23.9917188055786,111.47110908502056,7.784158892375214,19.895839984119515,89.38775993269257
E_Watsonian_tip_S0,E_Watsonian,S0,direct_coordinate,41,21.87207458201057,74.92462419281141,9.776058805348704,21.87207458201057,74.9246241928114
E_Watsonian_tip_S0,E_Watsonian,S0,same_native_s,43,21.574545871696387,75.24920016161597,9.625907989982853,21.574545871696387,75.24920016161599
E_Watsonian_tip_S2,E_Watsonian,S2,direct_coordinate,41,1.1003308615942176,3.2158986462550025,-0.741517669265576,1.1003308615942173,3.215898646254999
E_Watsonian_tip_S2,E_Watsonian,S2,same_native_s,43,1.1373892296833508,3.3614249260820266,-0.7724714668902893,1.13738922968335,3.361424926082023
E_Watsonian_tip_P1,E_Watsonian,P1,direct_coordinate,41,4.236037354574729,15.522049903745454,1.744035726138262,4.23603735457473,15.522049903745454
E_Watsonian_tip_P1,E_Watsonian,P1,same_native_s,43,4.526379275373632,17.343586701587896,1.8362304541662091,4.526379275373631,17.343586701587896
E_Watsonian_mid_S0,E_Watsonian,S0,direct_coordinate,41,16.88566429636969,96.42252954101957,6.238159382915665,15.123912073875024,83.57747045898043
E_Watsonian_mid_S0,E_Watsonian,S0,same_native_s,43,16.8004140819389,97.88558979687951,6.240694074872432,14.70493189382048,82.11441020312049
E_Watsonian_mid_S2,E_Watsonian,S2,direct_coordinate,41,1.577213699446151,4.469422144001587,0.8492708833476313,1.5772136994461512,4.469422144001584
E_Watsonian_mid_S2,E_Watsonian,S2,same_native_s,43,1.512665620812239,4.409021163780611,0.7654246050803615,1.5126656208122382,4.409021163780608
E_Watsonian_mid_P1,E_Watsonian,P1,direct_coordinate,41,15.807740013876959,64.92843700107734,5.669548363191681,15.807740013876957,64.92843700107733
E_Watsonian_mid_P1,E_Watsonian,P1,same_native_s,43,15.87822845153344,66.61878420835892,5.582853697598333,15.87822845153344,66.61878420835893
E_Watsonian_ref_S0,E_Watsonian,S0,direct_coordinate,41,13.004687719789489,61.59539501480208,7.055344493970383,13.004687719789489,61.59539501480208
E_Watsonian_ref_S0,E_Watsonian,S0,same_native_s,43,13.030648840827364,62.99864777099947,7.029189580118111,13.030648840827364,62.99864777099947
E_Watsonian_ref_S2,E_Watsonian,S2,direct_coordinate,41,1.674239828664251,5.895333985757999,0.8378441926890847,1.6742398286642521,5.8953339857580005
E_Watsonian_ref_S2,E_Watsonian,S2,same_native_s,43,1.626059104026861,5.900204865319356,0.7649922265740006,1.6260591040268606,5.900204865319353
E_Watsonian_ref_P1,E_Watsonian,P1,direct_coordinate,41,22.78209925281197,98.77919900157927,8.056659360480376,21.022330902994828,81.78790958450543
E_Watsonian_ref_P1,E_Watsonian,P1,same_native_s,43,22.75995827305189,101.59537674031974,7.868686335582435,20.51677674200822,82.78163099818198
F_M50L8_S0,F,S0,direct_coordinate,41,21.066777885030167,75.6654683307656,10.239731024824223,21.06677788503017,75.6654683307656
F_M50L8_S0,F,S0,same_native_s,43,20.79908133845828,76.69790262889273,10.10431962235587,20.799081338458276,76.69790262889273
F_M50L8_S2,F,S2,direct_coordinate,41,3.4515811265994394,8.554850790064368,-2.4967098516821133,3.451581126599438,8.554850790064364
F_M50L8_S2,F,S2,same_native_s,43,3.4350331399003813,8.750547630091887,-2.4575343021734604,3.435033139900381,8.750547630091887
F_M50L8_P1,F,P1,direct_coordinate,41,5.1320657127089095,20.825929728706825,0.5011351545568731,5.1320657127089095,20.825929728706825
F_M50L8_P1,F,P1,same_native_s,43,4.926471263258486,21.752503129607163,0.6512485276115966,4.926471263258486,21.752503129607163
F_M50L10_S0,F,S0,direct_coordinate,41,24.114750436778884,85.47258201527622,10.9775419823566,24.114750436778884,85.4725820152762
F_M50L10_S0,F,S0,same_native_s,43,23.75889445472623,85.59667620595197,10.781200804924152,23.758894454726228,85.59667620595195
F_M50L10_S2,F,S2,direct_coordinate,41,1.9261134374507007,5.140589986741308,-1.3322379707665073,1.9261134374507007,5.140589986741304
F_M50L10_S2,F,S2,same_native_s,43,1.9434805636015462,5.271268052806665,-1.3384649018106063,1.943480563601545,5.271268052806661
F_M50L10_P1,F,P1,direct_coordinate,41,4.814006062668995,18.353454940879416,2.101773506646502,4.814006062668995,18.353454940879416
F_M50L10_P1,F,P1,same_native_s,43,5.109486120665801,20.27551702579595,2.1757341196406625,5.109486120665801,20.27551702579595
F_M50L12_S0,F,S0,direct_coordinate,41,23.19608082856818,79.43661230883943,10.464564682099592,23.196080828568178,79.43661230883941
F_M50L12_S0,F,S0,same_native_s,43,22.866884079756403,79.6461159156923,10.280677825405878,22.8668840797564,79.64611591569229
F_M50L12_S2,F,S2,direct_coordinate,41,0.7717720857296465,2.243978932257008,-0.4459599074462472,0.7717720857296457,2.243978932257008
F_M50L12_S2,F,S2,same_native_s,43,0.8020815907172268,2.4220439141350134,-0.48705594588577483,0.8020815907172277,2.422043914135017
F_M50L12_P1,F,P1,direct_coordinate,41,6.7362415502353,26.457312355494537,2.5151307416275874,6.7362415502353,26.457312355494537
F_M50L12_P1,F,P1,same_native_s,43,7.004078796274193,28.292663691117298,2.5693465080264577,7.004078796274193,28.292663691117298
F_M45L10_S0,F,S0,direct_coordinate,36,23.465305051278595,94.20617957321164,11.095698275052987,22.55124709228836,85.79382042678836
F_M45L10_S0,F,S0,same_native_s,38,23.126936851904656,95.08346169812174,10.839279943305861,22.061189843879102,84.91653830187826
F_M45L10_S2,F,S2,direct_coordinate,36,1.2143630383177082,3.4231290709888924,-0.8478029528512825,1.2143630383177078,3.4231290709888924
F_M45L10_S2,F,S2,same_native_s,38,1.2435411572475947,3.5582819749582875,-0.8668079445654379,1.243541157247595,3.558281974958291
F_M45L10_P1,F,P1,direct_coordinate,36,7.443433191536985,33.88227210758863,2.578139008258569,7.443433191536985,33.88227210758863
F_M45L10_P1,F,P1,same_native_s,38,7.740044362544548,36.517487418773015,2.6288750444260565,7.740044362544548,36.517487418773015
F_M60L10_S0,F,S0,direct_coordinate,48,21.366453592791295,83.42884682851624,10.33501816672063,21.3664535927913,83.42884682851624
F_M60L10_S0,F,S0,same_native_s,51,20.99547929098441,84.09178827533333,10.04725799819531,20.99547929098441,84.09178827533333
F_M60L10_S2,F,S2,direct_coordinate,48,2.001736680706918,4.7811603423102085,-1.418682348734057,2.0017366807069186,4.781160342310216
F_M60L10_S2,F,S2,same_native_s,51,2.0036600553398594,4.875235382323801,-1.401170782730706,2.00366005533986,4.875235382323808
F_M60L10_P1,F,P1,direct_coordinate,48,2.5710123656944464,12.27963713389967,0.5889214366468577,2.5710123656944464,12.27963713389967
F_M60L10_P1,F,P1,same_native_s,51,2.7086664804330267,14.58331157707002,0.7369540940127473,2.708666480433027,14.58331157707002
